zipcode,2016newlistingsSum
10025,0
60657,0
10023,0
77494,0
60614,0
77449,1559
79936,974
77084,1184
10002,0
60640,0
94109,0
926,0
10016,0
78660,1251
37013,869
32162,0
11235,0
11375,0
60647,0
90250,0
37211,811
11201,0
10009,0
77573,0
60618,0
78130,0
77584,0
10011,0
10128,0
28269,976
20002,0
78613,1160
78572,0
30349,1455
79912,1177
94565,0
90046,0
77433,2258
75052,0
20009,0
37042,1863
73099,0
77429,1669
10462,0
77479,1448
10003,0
60613,0
63376,1077
30044,1116
10019,0
77036,0
10463,0
28277,0
30043,1528
11230,0
60625,0
78245,1404
11209,0
60629,734
30096,827
7030,0
60610,0
11221,0
78704,0
75287,0
85032,1151
77077,785
10024,0
33160,3586
23464,0
21234,1047
30024,0
75243,501
98052,0
11214,0
78521,0
8701,1250
77379,1527
94501,0
78666,0
11207,0
33411,2027
11229,0
78745,626
60619,640
23462,1193
28027,847
94110,0
33025,1215
75067,0
90034,0
33139,3101
44107,0
48197,0
2169,0
11377,0
66062,0
34787,0
44035,825
95630,837
90044,0
90805,388
80134,0
60611,0
90650,0
85710,723
92683,353
10314,0
19143,555
11234,0
85281,0
11355,0
30281,0
85225,1027
11215,0
60617,645
37075,0
94558,0
90026,0
87114,1309
32210,1054
43081,0
91910,496
6010,0
17603,687
78240,0
89108,1165
93722,0
87111,913
85308,1168
79938,0
76063,924
77459,1462
48180,0
94533,0
33908,0
97229,0
91709,0
75056,853
76028,0
78577,0
44060,880
30040,2150
11238,0
33024,1145
98012,0
95608,0
14850,0
43055,799
85364,807
43123,936
15601,766
33647,1435
27587,0
80013,0
11385,0
90066,0
92677,0
20906,927
44256,0
77845,0
6902,0
2148,0
65807,0
60620,709
30318,0
78641,0
45011,855
11373,0
92336,1138
99301,855
95823,0
7302,0
27410,0
30188,0
92345,1210
65203,0
77450,1041
10028,0
89121,974
27406,0
92126,437
98103,0
27610,0
92804,0
8753,1470
75228,506
60634,918
92101,0
20011,532
43130,733
28078,0
92503,812
76244,1265
29732,0
91911,0
28314,1173
95747,0
34135,0
90019,0
75035,0
60016,0
87120,1202
77095,1022
33009,2225
22191,1021
40475,930
23320,1200
32218,0
21740,909
94536,0
7002,0
34711,0
43230,689
30052,0
90280,0
30041,0
92592,0
10027,0
89117,0
30080,0
19111,696
74012,1138
27834,421
21117,0
32256,772
11236,0
38401,622
91730,0
89052,0
32244,0
60628,796
32822,651
92109,0
43026,824
80634,0
7093,0
48103,0
90004,0
29072,1823
30062,0
75206,0
33186,1301
90706,117
33012,426
30331,874
75217,0
2155,0
10701,385
37130,583
92335,0
95123,0
91342,0
2360,0
22304,0
20001,0
11372,0
32174,1250
92021,445
93065,781
87121,859
45840,0
33063,0
60649,222
23454,1044
72401,872
34953,1985
60626,0
27858,0
22193,0
48185,656
92627,0
33027,1643
85705,342
23666,0
44130,674
90025,0
33311,953
20878,0
30022,871
33064,1072
37128,1167
8831,1551
20147,0
11218,0
20019,340
91710,0
43228,0
43701,692
30004,0
44077,986
90027,0
55901,0
10021,0
94544,0
60616,0
93727,0
97402,0
33313,935
58103,0
35242,0
27703,0
27713,0
77082,0
29730,0
71913,0
23223,0
80525,0
29464,0
19124,770
30127,0
27284,0
98682,0
95051,0
98115,0
80015,0
90731,0
77840,0
37064,0
91335,0
42101,0
75150,0
32225,958
60622,0
32828,0
95687,0
77007,0
23452,0
85142,0
94568,0
43068,0
89031,0
85251,0
40601,769
7087,0
93550,0
73160,0
33319,1422
21215,622
30135,1351
93536,1062
63123,0
78501,0
95035,0
94509,496
60615,0
92630,0
45601,0
93306,713
23451,0
78249,539
14221,0
19446,0
77057,0
93535,871
21122,0
95758,0
76116,0
89123,1145
14580,0
98122,0
66061,0
30253,1220
94122,0
60641,0
37122,809
27707,0
60660,0
33321,1216
37066,911
956,0
29681,0
75043,575
2301,580
29445,740
60453,1020
19720,0
93274,0
19020,0
77521,0
93257,0
31419,0
21222,846
19120,563
93230,0
11204,0
31088,0
75002,861
93307,0
38655,0
33467,1556
93309,0
22204,541
32246,757
98133,0
85282,744
20874,0
30909,734
94541,0
90802,0
37167,536
99208,1007
28216,0
60056,0
27705,269
94538,0
28601,422
33157,0
29223,797
60085,385
95076,0
70726,0
37040,1164
29485,1010
36117,952
48823,0
32608,0
31907,781
78254,1389
78758,0
92104,0
90631,0
20020,261
28205,0
20852,0
94513,0
32792,693
78251,0
17331,0
32765,985
92647,0
37421,839
33511,0
63021,913
34293,0
30263,0
97045,786
77083,0
30906,608
21224,0
29579,0
87124,1169
28215,0
60637,0
78741,0
27519,0
85345,0
63129,0
75211,0
92154,18
85204,0
15301,0
30066,1019
77346,0
6516,685
89110,0
92115,444
37129,742
1960,0
83301,1106
85022,0
85301,0
95355,0
11368,0
75070,0
55124,0
59901,941
95670,484
74133,0
78748,0
37027,1014
94587,464
92646,0
60608,358
21061,478
33458,0
79924,566
96706,0
77375,1398
43015,0
92620,0
19104,0
76179,1235
97401,389
98632,645
89148,1263
42701,856
60148,0
53704,0
11216,0
23322,0
28227,616
89074,0
83646,1800
28655,0
70072,462
38305,0
19134,751
78664,587
92376,0
95014,0
45044,662
19067,0
43229,0
32825,0
33414,1529
28210,700
45013,616
95112,0
92648,0
30058,875
85008,442
30101,0
89103,0
27265,0
14094,663
92618,0
12180,0
92105,0
94080,0
85383,0
78753,0
33433,0
67401,0
41042,689
98208,0
20910,0
23455,0
32303,0
92122,0
32771,1060
30083,626
84404,0
30047,988
33015,746
39759,0
95648,0
48439,1011
92130,0
77070,0
75098,0
79424,0
73013,0
90036,0
7047,632
75204,0
94112,0
53711,0
8759,0
78759,0
33463,0
77373,1089
76137,0
7305,0
27407,549
78253,0
19148,710
22407,0
80016,1047
85255,0
90640,0
10014,0
29588,1109
19131,412
94087,0
2135,0
95125,0
20904,0
33436,0
11354,0
8873,785
1201,0
97124,0
92563,0
33141,1850
29483,0
33578,0
19702,0
6511,0
63301,0
45140,0
2151,0
54601,0
96815,1405
30075,1090
6457,0
89147,1011
34668,1210
98034,0
78209,0
92562,0
2780,538
33324,0
28025,603
43302,658
59102,733
22192,680
76051,450
83709,578
22201,0
92117,0
30067,0
8527,0
60004,0
17601,0
85201,388
33308,1497
38654,980
19711,0
27603,0
48038,0
11746,0
94806,0
80219,0
94086,0
33021,1025
92128,0
48066,839
19144,0
78223,0
91801,0
45040,782
19380,0
94591,701
7728,963
30907,866
91331,0
72034,739
30144,632
27106,633
23112,0
33023,0
28540,0
70065,0
32839,470
45424,797
23456,0
97504,0
90042,0
27529,0
24060,0
78520,0
29229,1402
32137,0
92020,0
34748,0
97206,0
98109,0
94553,0
75068,1262
75115,0
33178,0
30114,1314
84015,0
92882,0
94015,0
78640,0
98225,0
85351,1365
7111,306
23225,0
34698,0
92399,736
7055,0
75071,0
22030,0
92201,0
21218,640
33312,0
73505,981
80504,0
30319,0
11374,0
60402,648
65202,0
75093,0
80538,816
78228,246
33418,0
63366,827
33914,2029
78045,774
88101,42
60638,0
70119,0
93308,0
85326,0
7003,0
38016,690
37043,995
33437,1241
19382,0
10036,0
36695,809
92805,0
20850,422
7306,0
39503,0
92704,0
95008,0
56001,0
44646,671
99336,0
27606,0
53209,0
28546,0
79109,608
92056,0
97702,1491
97405,694
6810,568
78230,0
92071,0
34997,0
75007,0
45069,0
28645,209
8021,841
29720,0
27405,0
19146,0
60639,0
48187,547
32068,841
63303,0
58104,0
95350,543
21206,886
36830,0
96797,0
19145,479
34952,0
77386,1521
19140,0
92509,606
92656,0
92024,0
95624,504
10473,0
92553,0
61265,0
22003,0
85374,1125
10940,0
79928,0
27526,0
78542,0
75034,0
96720,0
4401,0
89119,0
77407,1344
33065,871
27616,0
26003,0
80020,0
35758,833
78504,0
30606,0
96817,0
44124,0
34221,846
75219,0
78550,398
85205,823
11210,0
45238,0
70816,0
12550,592
19320,839
92626,0
92880,0
89129,1202
29607,0
92253,0
75080,0
23185,0
85338,1218
33810,819
89122,989
85254,0
22554,0
48044,0
55044,0
63116,0
29414,804
29910,1307
60073,0
75040,215
75231,245
20774,731
23188,0
75703,687
78258,0
77042,0
49009,0
27613,0
48228,0
87109,508
34741,0
38017,854
29501,777
60630,0
94115,0
95020,0
11434,0
98661,483
33033,406
21228,651
57106,327
33614,0
91786,0
97223,0
75061,0
97501,0
75149,0
65802,1019
21207,624
92234,975
17602,467
73072,0
72701,587
75025,0
78250,0
27215,416
20744,664
33176,0
78681,0
98125,0
78665,866
80123,0
19147,0
23434,0
30016,0
43235,512
33020,0
19464,904
97301,0
85248,0
28173,1112
19149,638
28412,0
93312,0
40324,854
76549,0
55337,0
55106,654
12065,563
93003,0
7024,896
60643,694
62704,0
80918,334
96789,0
87112,632
90024,0
40214,506
15642,495
80012,0
22314,0
11224,0
66502,0
612,0
63031,856
32935,0
11101,0
89115,0
57701,613
77063,417
78216,308
58201,0
85207,0
70001,0
92223,1089
92057,0
54956,0
72764,0
53511,0
76133,0
11691,0
14120,0
7083,759
15237,0
85122,901
19335,0
89502,0
55303,0
33322,1167
27360,0
43615,0
7601,0
34655,0
33062,1375
30032,889
29526,0
92708,365
67212,613
10306,0
43207,0
8054,920
37918,810
98003,0
37087,742
73120,656
70301,0
92103,0
7470,0
85016,0
28262,0
70506,0
45014,0
85224,670
27615,620
93277,525
32164,0
29651,855
28117,1122
32837,673
38111,514
44102,0
45324,476
63136,0
43232,0
14075,460
93063,0
85375,0
75074,437
20171,0
1844,0
54115,584
65804,0
13760,502
32216,0
33615,692
78247,631
33125,0
75024,0
80229,0
12866,0
34744,788
35215,559
60411,499
73071,0
37660,562
43016,0
80211,0
27612,0
75126,0
91402,0
64118,0
27513,0
30236,571
80526,0
27604,402
98391,0
80014,0
74055,0
96744,496
93720,0
29073,1019
48307,626
33612,0
84043,0
96003,0
87105,0
28110,0
28806,0
10010,0
53081,0
28403,0
6492,0
77546,0
85283,0
14150,418
21401,730
17701,0
8053,838
75063,0
87507,0
91977,0
76542,0
80537,0
76010,0
55113,0
23608,0
35405,334
18103,603
33617,588
55104,0
95207,0
91367,0
48219,450
95831,0
92346,608
98270,0
37221,691
92037,0
42301,422
78233,229
24502,0
65201,157
90049,0
98226,0
19103,0
16001,0
77072,0
33142,0
10469,0
93436,0
32940,0
97330,0
27107,445
77008,0
48183,0
32725,993
91406,0
10312,0
95616,0
92507,0
60804,388
91706,0
90277,0
44691,444
21044,0
30093,360
95828,361
92260,0
19139,339
48235,643
91744,0
40509,0
91766,0
48858,0
53215,0
75023,0
30064,0
55112,0
30809,1358
33415,899
92404,631
93291,0
43224,0
33442,0
92801,0
39401,0
78155,0
77406,1321
37209,0
48170,0
8540,0
98004,0
54703,0
90020,0
37343,0
48111,545
26505,0
92780,423
21229,730
33180,2078
68516,0
11706,0
19403,0
60623,0
15108,0
53703,0
65803,0
97006,0
44212,0
52404,0
1970,0
98105,0
92407,0
30309,0
60632,0
85711,460
94611,0
60435,0
30518,0
11758,695
52001,0
32703,723
49424,0
70810,0
85018,0
97202,0
30721,0
87108,0
95060,0
26554,0
85365,798
98501,0
8401,0
87123,628
94550,0
87110,551
39402,837
77396,0
29576,0
29412,0
44870,541
29615,451
95628,0
77015,0
32259,0
75227,154
10022,0
32708,0
70508,0
73034,0
98118,0
54935,0
48843,0
91405,0
8854,690
70115,0
85382,0
29687,0
53202,0
85260,0
77089,375
77511,0
92324,393
2860,0
71111,0
95610,0
37920,0
75006,369
32514,613
14450,0
23602,667
30605,0
32746,911
8757,0
90803,0
16801,0
2895,402
21221,434
96822,467
85719,451
2703,421
49423,0
90503,0
94577,0
20148,0
52402,0
77040,373
8081,1089
92078,0
23803,439
85209,0
97007,0
83642,0
85044,0
7712,0
83686,0
91601,0
18104,0
61554,0
43551,0
54220,0
20772,0
95206,0
14224,452
43204,0
98204,0
40216,553
75248,0
91761,500
63033,436
60506,0
77469,929
36116,474
91762,0
40517,0
94546,0
37076,0
56560,0
98387,0
61761,0
94118,0
85029,560
42240,0
1453,415
77388,0
92692,0
92026,0
14609,0
60115,0
33179,1157
98258,0
20902,0
80233,0
95678,0
7104,0
11432,0
99205,926
37620,0
78201,0
44111,0
75062,0
24018,748
60201,0
6460,0
98837,0
21043,0
60014,0
94403,0
38115,0
45231,0
98023,0
60126,0
79907,0
23220,0
91702,0
95621,0
76112,354
7052,0
62040,624
2124,0
78028,707
30076,0
85041,775
52302,0
60605,0
75216,278
48706,0
78046,0
27609,447
92129,0
33068,712
28562,835
29803,0
33130,0
18702,517
30324,0
92114,298
60440,641
949,0
80011,0
30339,0
32835,0
84041,0
23234,412
78213,276
55416,0
28306,0
33126,0
93906,0
34112,0
30097,1199
8724,930
30034,659
91343,0
8816,0
90047,306
91770,0
15317,559
76017,0
76039,0
7960,0
90630,0
75214,0
44118,0
59718,0
85206,793
19128,0
44240,0
97756,0
48104,0
63122,0
90018,0
32808,0
32780,700
19460,0
32224,0
38501,0
20003,0
85706,0
96816,0
29621,0
91942,0
77339,0
55408,0
59101,0
34786,0
90247,0
37115,352
90016,0
93446,0
31061,0
22903,0
34746,0
98277,0
44203,0
30328,0
30157,0
80210,0
80220,0
84790,0
63026,563
33919,0
65109,555
50613,0
63017,645
7304,0
21220,584
29210,0
83854,0
20008,0
34203,0
18974,0
77024,0
48198,0
80631,0
78109,0
94590,386
95822,0
21502,588
90043,0
29407,0
80501,0
76502,0
44094,0
18102,0
1752,0
98033,0
85713,0
39110,0
78229,0
78840,357
94114,0
11217,0
97123,0
32159,524
11772,0
37604,401
93551,901
77088,0
90005,0
33161,0
15068,505
33165,0
96818,0
94103,0
78414,0
98042,0
80231,0
91304,0
80127,0
28226,0
85020,0
38109,0
85234,0
37601,351
92870,0
70737,0
976,0
92028,0
92211,1498
90022,0
33904,0
33435,1186
44720,0
95124,0
32257,0
44109,0
32566,1328
55125,0
79705,0
34667,0
80401,0
13021,0
20854,0
42303,667
17055,0
75104,584
28105,0
77581,0
6082,0
76108,558
30350,569
95336,0
94107,0
10065,0
91950,0
94010,0
99362,633
20176,0
89014,664
92111,0
48073,0
90045,0
43201,0
33844,0
60089,0
44120,0
60010,0
29150,597
44224,459
27103,0
13440,0
77099,283
49201,0
38128,363
21230,0
23669,0
34609,989
97302,0
40299,0
13601,482
92027,0
28376,1037
54915,0
98801,0
28213,0
1915,0
30506,0
93033,0
92392,0
77090,404
6606,0
97701,0
98902,0
21921,0
32034,1311
70769,0
60609,357
96734,0
34209,0
90278,0
33446,0
48060,0
94566,0
27516,0
60123,579
91344,0
28311,0
92530,775
92691,0
83704,0
6484,641
33175,0
48911,529
60062,0
94605,0
52722,0
45211,457
44134,0
32824,0
89131,1101
92504,0
33928,0
49442,519
92886,0
92116,364
32073,0
53211,0
21702,0
35401,0
1801,0
40356,688
75019,0
53207,0
8817,399
92545,0
95762,0
32907,740
97030,0
89436,0
94928,0
30736,0
49504,473
53590,0
60505,0
94539,0
85208,0
77539,706
39564,286
70003,0
27520,695
90703,0
70433,0
77004,0
33177,0
97219,0
24401,0
30813,1374
94066,0
78227,0
33134,0
85295,947
98092,0
54701,0
41017,343
85202,0
75013,0
84119,0
77064,407
92009,0
30519,1281
60462,732
93311,768
93010,0
23228,0
92672,0
94601,0
23224,0
21804,0
60645,0
34231,900
30228,0
32712,0
15235,0
55117,504
30120,0
95376,0
91745,0
72076,0
40291,480
94025,0
33417,0
98102,0
17543,0
84770,0
20747,415
95037,0
1902,290
8234,976
60067,0
2127,0
94610,0
21701,0
93117,0
18042,0
85712,409
33461,0
85021,0
17050,630
19808,0
24153,0
6790,647
33196,1031
85296,1013
92688,0
90660,98
21236,0
30039,805
48188,0
19121,0
89509,0
84074,0
19701,499
32526,740
30680,0
78207,0
72756,594
11561,0
75165,664
14701,0
2740,0
79423,0
79762,0
53214,0
78744,0
27320,0
77080,0
50266,0
7726,804
31909,607
28451,0
32404,767
32955,0
28212,0
77044,904
27127,0
29577,0
12603,0
28054,0
60193,0
92054,0
55304,0
72758,819
33484,1269
85249,1140
92064,0
61820,0
27909,0
92833,0
60651,0
34119,0
33917,0
27030,0
33445,981
72703,415
53221,0
95825,0
34207,0
19805,0
91765,0
77055,666
55406,0
43017,0
49441,0
33410,1194
60188,0
82001,592
77901,0
97303,0
78412,0
79707,0
63368,0
11435,0
78852,0
92544,708
21093,0
64055,0
97477,0
27292,0
87031,0
18017,0
93711,0
85716,0
1420,441
55379,0
32714,569
61701,0
62702,0
45385,567
48430,0
60654,0
35216,0
80022,0
94521,0
98058,0
30126,922
40219,357
1085,359
15221,0
44122,0
22801,0
19401,529
92127,0
29203,0
19709,0
53051,0
84096,0
60477,0
28304,0
98223,638
49503,0
32507,798
34145,0
28411,0
2130,0
85635,589
70560,0
45342,458
77498,460
33610,510
2149,0
28115,0
55110,0
7036,0
76522,0
98036,0
60707,0
10977,0
92040,0
42420,0
78574,0
90275,0
85027,535
60120,0
78232,0
91605,0
95136,0
30115,985
76513,0
60025,0
95023,498
92660,0
85015,0
11550,503
37174,788
34761,0
36301,640
48910,719
2472,0
78526,0
6360,0
27295,0
39047,0
63385,0
97217,0
27893,0
43065,0
20032,0
78006,708
30134,0
33624,688
22901,0
30038,854
36608,0
17042,0
80909,0
8861,0
14624,98
32738,868
84121,0
33172,0
48146,561
85730,520
80021,0
33018,0
95826,0
90745,0
93304,0
33881,657
95667,0
99504,0
85051,0
75050,0
38125,0
32724,0
85745,0
93611,0
75044,0
33771,0
32818,524
84010,0
55119,559
90804,0
79925,0
83501,0
70570,0
48047,0
80205,0
85286,0
38671,132
95821,0
30316,0
86314,734
88310,0
32207,647
38116,0
95127,0
76904,0
70605,0
98503,0
19130,0
11249,0
95476,414
75028,0
76021,0
21045,0
60540,0
85226,555
38134,0
85704,0
80906,0
30165,0
28803,475
60563,0
80203,0
50315,635
20748,405
50023,0
72450,0
98382,0
32707,566
80227,0
30019,0
45373,495
22033,0
32811,486
28273,0
80524,0
95111,0
12601,327
94901,0
43213,0
38127,0
70118,0
92506,433
89128,956
33040,0
95240,0
11743,0
70458,0
49203,615
30252,0
73112,0
90815,372
95062,0
63701,0
33428,0
7753,607
37363,799
49221,524
48105,0
83706,467
55423,0
49120,432
60653,0
91764,0
84321,0
30152,0
27530,0
21060,0
73170,0
19063,0
71854,0
27105,308
8094,697
71203,363
7307,0
49508,0
59701,0
61704,0
30132,1038
74136,0
78217,0
19082,330
78041,0
34232,776
60090,0
92584,0
29461,0
97224,0
32304,0
33131,0
64133,0
95926,0
33016,0
12401,347
8902,449
93455,514
58078,0
76107,0
91016,0
10026,0
33032,956
85033,606
30084,609
2128,0
30815,303
27330,0
94040,0
89015,0
2139,0
64804,0
43110,492
30305,0
31405,0
62521,0
28092,0
31313,859
33880,0
84020,656
40220,0
33611,830
61201,404
94608,0
78413,0
97080,0
8360,0
33401,1102
23111,0
72712,961
92025,0
8012,0
44512,0
37207,316
93534,459
97222,0
1040,0
30213,0
70056,0
70808,0
77338,0
91913,0
87505,0
70122,0
75081,0
27560,0
80126,0
4240,0
48227,0
75075,0
30102,754
63114,552
91320,0
32127,747
85086,0
85210,0
48310,0
60644,0
90291,0
14612,0
28208,0
95126,0
34983,1104
98584,543
92395,848
27502,0
97230,0
77096,0
36330,805
75154,554
19966,0
91606,0
32506,0
96753,0
84107,0
90065,0
80228,0
53154,0
33133,1030
85302,513
70117,0
91423,0
2920,0
85120,0
17403,557
23231,0
33155,560
40515,0
96826,0
94404,0
95928,0
20110,0
95403,0
76262,0
78154,0
8857,0
30458,0
32547,437
33573,1316
15206,0
52240,0
92557,594
76119,0
28607,0
27704,352
55369,0
76210,0
19958,0
94804,0
93313,0
98908,551
20785,439
92069,0
20743,586
89101,0
89012,816
61832,0
35630,0
33193,0
48917,0
53219,0
85614,0
54313,0
94116,0
87144,0
8901,0
44145,0
34110,0
77009,0
14225,0
70058,0
76180,320
95404,0
95050,0
32163,0
33604,715
6040,0
33702,600
55330,0
75060,0
63304,0
33014,0
60409,511
84047,0
30338,0
62526,0
48126,0
31210,500
90069,0
98026,0
90723,0
92084,0
60302,0
21208,0
90501,0
91732,0
90292,0
29466,0
94551,0
10950,619
20707,461
43147,0
99206,0
60031,0
71291,451
94560,0
92243,0
60068,0
92019,523
33952,0
50317,634
28625,0
78723,0
21014,583
89523,508
28214,0
34653,816
83401,0
8844,562
86442,600
30311,0
90405,0
35226,0
11365,0
44146,0
88240,0
98374,0
30294,0
48154,0
87401,458
20814,0
63146,0
37643,0
97305,0
38018,538
73401,0
40272,438
90740,0
98087,0
51503,0
29063,0
80247,0
63901,0
77642,0
29209,0
80204,0
17112,0
89149,840
38002,758
85035,0
78749,0
99352,0
33613,340
48423,0
55407,0
86004,397
30701,0
33147,0
23831,494
40229,531
48239,678
29710,0
27217,0
23060,0
92308,932
75069,0
10013,0
17404,0
53188,0
94578,0
19132,0
63119,0
83815,792
53066,0
85138,0
89104,445
92307,0
97128,0
48035,0
95973,0
38118,0
73110,0
12020,0
58503,0
48127,558
94044,0
70601,0
93030,0
60074,0
89030,0
94582,0
83201,0
11367,0
90638,0
77035,0
98502,0
90241,0
77471,0
32209,520
93726,0
90008,0
95757,0
98107,0
77065,0
78610,0
37214,336
89032,0
91401,0
2909,0
26508,0
74014,834
77356,1289
66212,0
20016,0
93619,0
92840,0
48221,669
93940,0
17013,0
94523,0
90266,0
75501,0
89506,635
80004,0
3103,0
98366,0
60047,0
85379,0
68104,0
1760,0
94123,0
60030,0
19115,0
21244,0
92505,0
55414,0
37919,0
91360,0
91767,0
92821,0
58701,0
98056,0
91604,0
95691,0
21042,0
44095,0
59405,0
92705,0
30269,0
84401,0
14215,0
43402,0
92649,0
38301,350
6450,615
34205,510
13027,0
98198,0
28303,0
72120,0
89139,0
75220,0
22015,0
89431,0
30092,0
33707,0
55082,0
92262,0
72023,788
77006,0
33884,67
55987,412
58102,0
90403,0
12901,0
94303,0
80112,310
40207,0
1604,0
8096,616
78586,0
33010,0
57702,0
10304,0
85042,603
78218,0
80221,0
43221,0
96701,0
95991,0
23235,0
90505,0
84123,0
92058,0
32084,0
60564,0
29650,0
28348,0
89102,0
18018,0
42104,0
40391,0
90808,0
95843,0
43614,0
95833,0
30180,0
45458,0
58801,0
33710,769
85233,0
28405,0
92373,402
30223,0
30033,0
53218,0
60103,0
28792,509
21113,0
77054,0
22031,0
97527,0
30344,0
60137,0
36526,0
18966,478
12590,0
80209,0
96707,0
8302,502
84106,0
97526,0
29605,0
33950,0
97209,0
17011,0
78418,0
37922,0
44121,705
2184,0
98117,0
13501,0
82009,0
33309,776
1545,0
7017,0
80128,0
95129,0
66048,0
18704,0
91387,0
72762,96
1852,0
20120,0
60607,0
71730,0
48601,0
48224,652
3820,0
34109,0
15001,462
15401,0
75605,0
85213,539
99223,0
10583,0
6066,0
48186,0
45503,451
31406,451
76131,779
17402,452
36532,0
71360,0
70817,0
99507,0
80916,420
59715,0
98032,0
97322,0
92102,0
32258,0
31602,569
21157,0
54311,0
71106,0
1702,0
98155,0
21403,0
22980,0
23323,855
85023,0
30189,661
78541,0
77079,553
88001,0
98006,0
21784,0
49855,0
78628,0
54901,0
50265,522
93612,0
34285,764
60504,0
20109,0
85037,0
95307,260
2864,0
85718,0
80920,0
32114,23
77092,0
33756,687
94583,0
59801,0
80226,0
53186,0
10301,0
98059,0
8332,612
33060,0
50010,0
3102,0
39042,0
84120,0
51501,333
44105,0
88011,604
97404,0
72143,0
10075,0
32503,0
32812,573
28211,0
97478,0
34491,0
29708,0
32250,744
8807,0
19904,0
30087,591
76227,942
11590,0
11757,0
63010,0
57401,0
85257,587
98121,0
34243,0
28677,0
30329,0
77074,0
63125,0
75087,583
80003,0
80031,0
68521,0
3104,0
35244,0
80206,0
34759,0
44221,0
63011,0
75701,0
21703,0
17111,0
89521,758
44266,0
60202,0
30342,0
66614,0
37312,625
75038,0
40165,0
27104,0
59601,0
7060,0
34120,0
33462,0
77056,637
92543,0
62234,492
94534,0
54729,0
30238,0
29715,529
60586,0
76706,0
91748,0
53212,0
16601,0
21217,0
23503,579
31904,0
86001,0
53719,0
97214,0
34113,0
24540,0
8080,613
44004,0
91306,0
11520,0
15212,0
34208,0
63109,0
89178,1056
44039,0
13126,0
98312,0
62269,0
93635,0
53151,0
32092,0
34108,0
30046,0
6513,0
32904,0
57103,527
28031,0
76248,0
78596,0
85746,322
94954,0
30014,591
89183,0
37203,0
98002,0
77304,0
45036,0
92591,0
44312,0
56601,0
33140,0
90035,0
33905,0
32205,613
97233,0
44070,0
77354,720
44601,0
92374,0
23832,0
80010,0
80503,0
91607,0
48124,0
23059,0
80027,0
96792,0
32082,0
19901,0
10012,0
7666,0
76065,669
70806,0
92612,0
30341,0
19114,0
98031,0
2893,0
24112,0
92570,0
62301,405
78108,0
95765,0
10705,0
43613,549
75230,0
75904,0
99163,0
60612,0
48195,0
92410,0
29301,466
32578,0
34104,0
54880,0
37830,0
98203,0
85339,0
1930,0
16101,0
23321,697
33029,811
48312,0
85367,371
13502,0
27540,0
40245,0
28358,0
72204,384
84003,0
14086,0
27511,250
91311,0
78415,209
37217,0
77381,0
92240,725
40218,0
53132,0
95128,0
55418,0
98683,0
25801,0
33404,915
77520,280
94061,0
18951,478
77377,0
48313,0
79416,0
33143,664
94531,0
19606,366
92879,0
20815,0
32571,641
4103,0
92703,0
97213,0
48178,0
96001,0
98229,644
77365,0
28052,0
61401,0
10801,0
53402,0
91362,0
28079,0
48642,0
95380,0
65301,0
30117,0
64068,0
95401,0
95695,0
60007,0
94401,0
45103,414
33713,737
72653,736
36535,0
95688,0
32065,0
6405,0
34683,865
98116,0
32541,1281
98604,0
29456,0
60565,0
85741,0
55433,0
91701,0
27302,0
34957,891
89113,847
85258,0
8723,0
92707,0
8618,0
62002,0
98926,0
94561,449
37206,0
55122,0
37110,0
90048,0
77706,471
73012,0
78210,0
11040,0
27614,0
28734,905
76006,0
80017,0
77025,0
29455,0
93012,0
15236,202
49417,552
45150,327
95835,0
30161,0
74105,517
3038,0
15701,0
77571,0
35209,0
67203,349
20817,0
78717,0
72032,0
71270,0
50310,0
37814,411
43214,0
30542,0
19152,363
20746,211
76013,0
98370,435
66049,0
33169,512
81301,913
19047,0
28409,634
2904,0
19083,0
80601,0
39532,0
37160,0
74074,0
93555,472
34684,0
34287,0
65714,735
33764,0
92107,0
94131,0
55109,0
93292,0
33813,747
35601,355
60107,0
77073,0
63130,0
39120,0
48071,0
33619,0
7731,0
29486,42
33162,0
6053,0
20010,0
20735,505
45215,0
78727,0
75077,0
94014,0
80521,0
90620,0
94043,0
11357,726
92571,0
98144,0
2908,0
85143,0
44133,0
49505,0
49341,0
2816,0
11756,0
21136,559
32958,0
48021,0
90068,0
84065,0
93458,0
20170,0
72956,0
91505,0
33709,596
97211,0
20783,0
42001,0
84062,0
21742,0
85048,0
7740,322
92867,0
71112,518
33334,0
91107,0
40241,0
54401,0
33990,875
29841,0
93401,0
39180,0
50701,452
22701,0
48640,0
60901,0
33071,827
85212,0
29349,0
62025,0
3301,0
54914,0
90032,0
77380,0
30060,0
93036,0
23229,0
60543,0
85014,0
91750,0
30030,0
35603,567
50401,0
36832,0
30315,0
75252,0
37876,894
40511,691
56401,0
60517,0
70454,0
33801,0
38104,0
92264,0
28270,0
28056,0
32086,0
32301,0
61032,0
60659,0
32211,0
19013,77
32168,0
97703,0
22630,0
94520,0
45417,0
77389,0
91206,0
44805,0
71901,0
1810,0
34608,0
36303,0
90807,0
60060,585
98201,0
33903,0
1701,0
10305,0
60446,0
29642,0
85140,0
37803,0
37923,466
8820,0
48507,0
76132,0
14304,0
60005,0
19426,0
85323,0
77093,0
20007,0
96740,1489
34134,0
77566,402
97236,0
2886,422
24073,488
33823,0
30308,486
33460,0
55311,0
33432,0
30265,658
50322,0
71603,0
77340,181
19116,0
42071,0
61107,0
54016,0
15227,0
33705,564
14626,0
7109,0
2150,0
33803,0
77034,0
95662,330
22102,0
79763,0
84067,0
6489,0
98444,0
92831,0
81005,495
14226,0
15146,0
90806,0
93905,0
95116,0
65401,385
6340,0
42141,0
87107,0
60101,0
27804,0
19141,269
2720,0
92065,0
6614,0
89135,879
1020,0
34990,0
21227,0
43560,540
32810,0
33069,932
77382,821
59105,0
94952,0
3060,0
61614,0
32909,0
93001,0
32208,501
44281,0
79915,0
49426,428
70123,0
75033,0
14424,0
92203,0
95209,0
21239,0
48174,0
84403,457
32570,616
85268,0
95382,377
92629,0
92113,0
92806,0
91790,0
95661,0
28752,0
68134,0
27253,356
68506,286
30005,0
19136,0
48152,0
12203,0
58501,0
22203,0
43420,333
95301,0
63108,0
33351,578
33770,0
40502,0
90220,0
74820,0
27205,0
78731,0
19026,0
20877,0
91104,0
94941,0
95901,0
49022,283
30068,0
11779,0
94526,0
37664,0
55432,0
42003,0
6770,0
95482,0
53216,0
34652,0
95407,0
93245,0
95820,0
85298,0
60174,0
29212,673
85392,645
60532,0
98662,541
61821,0
30274,0
23505,365
44128,0
33317,595
80111,0
76543,0
95361,0
75039,0
32459,0
62703,0
98168,0
29550,211
55343,0
96813,0
55404,0
78539,0
68025,0
95351,0
29582,0
29609,0
6611,0
23606,0
77351,0
30078,0
67846,0
85395,0
31204,0
53562,0
34758,667
30312,422
34986,1277
84081,0
91789,396
21212,0
29406,0
97355,0
60046,0
23518,0
29640,315
10465,0
32405,0
80120,0
21144,435
32312,0
98499,0
94588,0
75238,0
34689,0
80917,0
98290,0
78043,0
43220,0
24012,520
60652,0
71107,0
26301,0
75051,0
64119,0
19138,361
27455,0
8016,598
96002,447
65536,446
80907,0
95370,0
92270,0
43040,455
15102,0
96080,0
29680,760
90230,0
80260,0
90242,0
80602,0
44515,0
20706,364
97304,0
17522,0
44106,0
48236,607
49546,0
34114,1029
76903,0
98513,0
89511,0
48603,0
91350,629
11364,533
58601,0
32080,0
97520,0
95945,0
70068,0
85203,0
6111,0
80026,0
95337,378
76049,704
98030,0
37072,0
10573,0
40503,0
32277,0
50014,0
97420,0
20901,0
2118,0
45459,472
89002,741
69101,0
45005,0
55118,0
60525,0
33055,0
68701,0
32607,19
19154,0
63128,0
78633,614
48322,0
19151,372
72601,0
53546,0
62226,465
8742,0
52501,0
66213,0
60098,458
34606,0
91355,0
91711,0
2062,0
33441,0
91001,0
92807,0
74403,370
95409,0
72209,0
52761,0
33837,947
94070,0
52601,0
98027,0
91773,0
28560,0
48067,798
89107,619
78221,0
53142,0
85009,321
95120,0
73703,0
54302,0
19713,0
84604,0
91754,0
23453,0
55372,0
19087,0
64114,0
16602,0
14127,326
85050,0
77019,0
11704,377
95969,0
61008,393
76901,0
30705,232
24541,0
77493,919
44313,474
15217,0
65721,0
2840,0
70809,0
77550,0
80202,0
83705,0
60169,0
91326,0
44129,0
86406,0
33594,641
20886,0
53705,0
56308,0
55422,0
70094,0
40701,158
7032,0
14621,0
33138,769
60441,0
55016,0
68116,0
48234,0
93705,0
32720,564
92108,276
35810,0
73159,0
98119,0
49548,0
83440,0
45701,0
7840,566
29707,0
53217,0
97267,0
70501,0
31404,0
30215,0
26101,216
32309,572
43537,500
92220,349
12309,0
29625,0
91941,0
33913,1218
61604,0
96782,0
99508,0
11554,0
54304,0
97603,511
80239,0
79605,0
98038,0
45429,0
79720,154
74063,0
90064,0
40004,0
80214,0
97306,0
29745,0
33326,0
30310,656
60451,0
92637,0
95966,0
19002,0
50158,0
80218,0
85750,0
30741,0
22042,0
78132,618
64015,0
83605,0
80910,0
72704,0
27332,0
33076,0
70005,0
2368,0
78573,0
97321,0
91316,0
81001,337
8865,549
74464,0
92651,0
21237,0
19135,524
22306,0
84095,0
48212,0
33407,608
43612,0
79106,0
87106,0
45420,0
16066,0
28209,0
94903,0
14534,0
97266,264
2919,0
2125,0
21009,450
80237,0
32807,19
33542,0
97203,428
23233,0
49507,0
13090,0
90504,0
66044,0
30214,0
8043,0
76053,0
93561,0
6512,0
21811,0
56301,0
99207,547
33156,892
76401,0
3079,0
78212,0
32937,0
37067,0
21075,540
48091,484
89130,0
55116,0
27517,0
68164,0
77536,0
49024,522
43212,0
34743,463
45662,0
92131,0
93422,440
48446,559
7107,0
78705,0
96814,663
34223,0
57108,0
53223,0
45230,451
67217,0
80122,0
19119,0
14616,392
23513,0
41011,0
77489,289
8648,0
19050,0
75010,0
49506,0
10038,0
55421,0
21225,0
95682,0
91780,259
33434,0
60050,0
20745,0
35211,0
44052,0
78626,0
95834,0
37086,405
43209,0
62959,0
17046,0
93702,0
33073,0
60142,0
60189,0
54303,0
37659,0
7011,301
22601,0
94602,0
81504,669
2474,0
92110,0
33409,0
50501,0
43050,0
33907,0
37172,276
79904,0
89081,584
95122,0
68123,301
93638,0
33183,543
30045,0
60714,398
80104,0
55443,0
12303,0
89134,0
16509,279
20164,0
28278,0
35806,0
97471,375
29611,0
34238,0
45365,0
73162,0
11717,0
38117,589
60631,0
44125,505
75234,0
29440,0
37931,0
55426,0
23227,0
17202,0
60656,0
60515,0
90604,260
60527,0
7747,691
27889,0
92701,0
11358,0
48162,0
31601,0
6033,0
31705,0
10704,0
32117,0
83814,0
33809,0
63139,456
90002,0
48317,0
75604,0
91739,0
80550,0
58554,0
38506,0
20782,0
1089,0
17022,0
80033,0
39208,0
60624,0
33173,486
89011,0
32905,0
12010,0
53140,0
95340,0
84129,0
95993,0
45239,0
55428,0
78552,0
55060,0
70607,0
20155,0
48101,0
83843,0
1826,370
7410,0
89503,418
43082,0
11801,423
28715,0
39157,275
48089,621
11787,330
17268,0
95070,0
85331,0
54449,0
28146,260
98512,0
40504,0
2176,0
57104,0
72205,0
2038,0
30306,0
32817,0
67207,0
54481,0
80302,0
98466,0
75254,0
32408,0
48867,0
33626,736
8822,0
55128,0
55024,0
22207,0
48045,0
98335,539
83616,0
55904,0
84660,0
77535,0
16335,0
72113,522
91325,0
20165,0
37205,0
60035,0
66801,0
27012,0
15010,0
18015,0
37921,456
12205,0
37801,376
19038,372
77532,0
70364,87
81007,694
93420,0
53213,0
60438,0
76087,0
33026,693
78589,0
60076,0
64151,0
76548,0
27278,0
53220,0
77630,0
33870,0
4330,0
6824,0
93454,0
36561,0
91403,0
97008,0
37323,17
96825,0
80301,0
75042,0
43219,0
27545,0
43512,0
55912,0
6708,442
23860,0
76040,0
29154,0
49686,0
55033,324
75229,0
17201,0
28150,0
95204,0
92120,0
2889,456
53095,0
77502,0
97070,0
77904,489
32757,0
77027,0
11937,0
45431,0
54494,0
92802,0
97062,0
35803,0
11580,0
70503,0
53105,0
37415,365
93021,0
8610,520
22312,0
32901,0
76182,0
95210,0
40065,0
34472,513
2116,0
73132,0
14620,0
1876,0
12804,421
39466,375
23601,415
89141,945
38834,0
82801,0
76117,229
29205,570
77018,0
32773,0
36542,0
78363,0
33137,0
45236,0
61108,0
18901,0
65616,1019
21209,0
68601,0
30240,0
50021,0
32962,47
91356,0
20111,374
54952,0
15650,0
60110,0
91352,0
55434,0
94306,0
37743,0
44883,0
92675,0
18052,0
37917,0
95132,0
24019,0
93637,0
76048,426
21133,331
60102,0
94510,0
44135,438
6095,0
17110,521
78634,0
29926,0
85743,0
12302,0
80241,0
70663,305
76705,0
80304,0
7065,0
83687,560
98029,0
11566,415
70403,0
84116,0
74006,0
7050,0
39212,0
75032,0
93710,0
31525,0
98273,0
98498,0
98607,0
3062,0
70126,0
8087,0
92869,0
15205,0
45750,0
48116,0
77590,0
53406,0
75208,0
38801,0
80911,0
29115,0
76016,0
42431,408
77041,0
7110,397
24501,0
98362,293
32533,0
74066,18
33618,500
52806,0
32548,0
97502,0
20723,0
92008,0
4106,0
31324,944
11050,0
7208,0
56303,0
78703,0
32550,1279
92311,430
48205,0
30094,0
97132,0
23116,0
18940,0
48207,0
70802,0
48602,0
53072,0
98007,0
95838,0
84057,0
35811,483
30534,0
79927,0
22309,331
37311,0
41018,0
71457,0
85541,0
95842,0
79761,0
14606,0
43062,0
78602,388
70360,0
34481,0
22079,0
95356,0
90221,0
58504,0
29566,0
7054,0
86409,0
72404,545
45042,0
55021,0
22101,0
18360,0
74075,0
92123,0
96793,0
33579,1453
77014,0
92083,0
48309,0
61801,0
18045,293
17815,0
19406,0
97220,382
78260,867
83651,634
86301,0
62221,0
13045,0
1845,0
97225,0
32118,1148
91007,0
10562,0
2302,459
19125,723
30082,0
94134,0
13905,0
23435,704
21030,0
2906,0
73533,0
60139,0
65101,0
78237,0
32505,0
80138,0
81212,558
30013,0
33304,0
72903,0
62901,0
76020,0
98684,0
32806,0
49525,0
73069,0
93657,0
94607,0
29649,0
20770,0
55403,0
74011,0
95816,0
28086,0
33781,458
82601,385
8330,674
85742,562
80303,0
18201,0
28602,0
39452,0
98802,0
60181,0
72211,464
33426,775
95660,0
80919,494
97086,0
44685,0
28104,0
8075,486
35205,0
48708,0
44708,0
76014,0
35611,0
2536,0
85017,0
7103,94
21213,518
60516,0
64012,0
95677,0
8046,678
86326,0
51106,0
95148,0
10017,0
84103,0
11710,0
64093,0
79606,0
34202,0
85053,0
70791,0
8003,0
98101,0
19454,0
20191,0
74137,0
6811,393
30904,409
99216,0
2072,0
32819,762
95348,0
77506,0
29673,0
48336,477
78746,0
98021,0
94549,0
66441,608
12306,0
77833,0
55105,0
1923,0
84405,336
84088,0
73107,345
95603,0
44663,0
48108,0
92586,541
94002,0
98001,467
77515,0
97068,0
6109,449
33772,0
77705,0
31021,343
98445,0
7042,0
77301,0
78750,0
94555,0
28217,0
80234,0
22315,0
2721,0
91106,0
1757,0
44143,0
37055,0
48042,0
21216,0
48080,535
60621,0
80129,0
29909,0
70815,0
94530,0
95118,0
2861,0
22405,0
80923,565
77049,0
40505,0
34471,0
21801,408
84118,0
92595,0
32119,0
49519,0
55126,0
75189,703
95205,0
27514,0
92124,0
37215,516
97035,0
8226,0
7018,268
90621,0
77021,0
17325,0
81004,0
67037,474
55347,0
11727,0
21601,0
75901,0
55811,0
48192,379
66215,0
6320,0
74501,0
31093,0
60423,0
33701,527
83702,0
38024,0
37849,0
29801,490
31322,692
60099,408
28401,0
75110,0
33909,857
8050,788
15210,0
23238,0
33703,0
29617,0
35173,0
60133,494
32778,0
94596,0
98404,462
72223,0
32789,724
34476,726
99337,0
92694,0
94559,0
33543,0
28590,649
85353,0
91722,0
32779,597
37388,0
39046,0
49418,0
30008,0
33541,0
32129,333
22602,507
30340,0
48220,0
59404,0
48328,0
6705,0
82901,0
76710,0
33712,0
36605,0
36609,0
22206,0
33912,0
74008,0
20175,0
93215,0
48150,0
78239,346
78624,399
29316,0
39211,0
52732,0
2143,0
68801,0
54911,0
77802,0
28461,0
11735,0
35802,0
33019,0
33510,0
76012,0
91321,0
43035,0
98665,0
53227,0
11228,0
44136,0
68502,0
93704,0
61109,289
85340,0
31707,284
33487,999
93305,0
60048,0
8205,0
55417,0
37379,0
78702,0
90302,0
74017,332
97212,0
94132,0
92663,0
68137,0
11510,0
90274,0
48135,368
43119,0
63121,0
93035,0
55419,0
15216,0
61615,0
22310,347
94597,0
33607,0
84115,214
84070,0
75092,0
92555,0
78259,0
95032,0
63118,0
2891,0
32821,0
68046,0
4901,0
22401,0
98271,0
6118,0
70461,0
40403,330
83713,0
1821,0
17257,0
67801,0
64111,0
19468,0
32233,0
49085,0
75089,0
99654,0
70517,0
94598,0
91791,0
34275,0
76123,598
76226,0
38114,0
23834,0
80005,0
6604,0
33755,502
94124,0
15044,0
79107,0
80222,0
75503,428
3801,0
11379,0
2145,0
25701,88
98373,0
6851,0
92614,0
91763,0
90601,0
98011,0
6776,384
60134,0
78244,491
48316,0
11901,0
72015,0
32832,0
28081,0
33852,0
44460,0
6854,0
98146,0
20603,527
31522,0
60601,0
33145,434
76240,0
40206,0
3431,0
52804,0
68901,0
33056,0
23703,530
75201,0
53222,0
48076,276
29169,0
28001,0
48335,0
71105,0
75218,0
52405,0
1880,0
63028,0
22041,0
33455,0
7631,0
14043,0
55448,0
63755,0
45240,281
78757,0
19355,0
37716,0
72019,0
55449,0
70634,0
84037,0
21015,0
95219,0
48161,441
25177,0
86401,776
64030,0
30012,0
60061,0
23236,395
97201,0
55429,0
43206,0
76712,43
48390,463
79701,222
32221,22
4005,0
75224,0
33408,0
95818,0
91101,0
64138,0
80108,0
93706,0
66604,0
92602,0
38135,399
33570,0
45244,0
91354,0
34747,1805
64152,0
29928,0
60510,0
55318,0
48433,0
62864,424
76033,0
93004,0
48141,0
68127,0
32963,0
63640,0
95117,0
65775,0
61350,0
40205,0
33496,0
75241,0
53403,0
76001,0
90712,0
55427,0
60077,0
76708,316
92782,0
8055,0
83714,0
43004,0
43054,0
88203,0
78023,0
37912,0
88012,0
62650,0
21771,395
34691,605
27028,0
979,0
55068,0
57006,0
8520,487
20708,0
8005,0
30143,876
98221,515
30224,462
92081,0
1605,0
39056,0
22802,0
91006,0
54130,0
89142,516
53593,0
22408,0
30345,0
6514,0
34982,0
93105,0
31410,0
35640,0
30533,0
67601,0
85119,0
7501,0
31794,0
44483,0
95492,0
49036,0
48167,0
98901,0
97601,0
32539,487
97003,0
70131,0
83607,0
11413,0
41051,0
98037,0
32701,414
98112,0
48315,0
84601,0
33629,0
37355,0
55902,0
98685,0
53225,0
28658,0
48092,0
13088,0
32563,703
88005,0
34116,0
29201,0
33706,836
40258,405
60185,0
38119,0
98405,0
76504,0
7013,0
85335,0
20152,0
38583,0
49509,0
28786,358
19142,0
90605,0
90015,0
32003,0
85737,0
36109,0
92284,0
60914,0
84117,0
37303,0
49707,0
92653,0
43085,0
17901,0
35160,0
98040,0
85024,498
22153,0
32308,0
60018,0
45356,337
60655,0
77047,0
2760,0
60187,0
40222,0
34639,0
98110,0
11793,0
7039,0
7090,0
14227,0
98531,0
29527,0
38632,0
55378,0
70130,0
98367,0
91214,0
1906,0
19053,0
11003,261
35801,0
93933,0
76209,0
30296,24
68803,0
95003,0
80817,0
61611,0
60646,0
43215,0
74135,0
48906,0
80113,0
1851,0
33625,0
60636,0
76011,0
99801,0
60642,0
94402,0
20740,0
76109,0
16823,0
49048,0
10956,0
23222,0
75240,0
42718,0
45212,0
98106,0
7026,0
54403,0
89434,0
30028,0
18301,620
19802,366
76110,0
32927,0
38053,123
95632,0
49006,0
70592,0
85013,0
12553,0
92139,0
36067,0
68154,0
91030,0
83835,0
94545,0
77091,0
32803,0
7920,0
17109,0
33967,0
33830,333
32223,493
78411,0
38122,0
31206,0
30241,0
53210,0
32967,0
16803,0
43606,321
44903,0
75482,0
32966,0
30655,454
77586,422
85132,0
32605,0
60559,0
27565,0
48203,0
63052,0
23701,504
29045,0
68022,0
99645,0
98409,0
1002,0
39206,0
92673,0
60544,0
33325,0
7701,0
17315,0
75082,0
10710,0
23139,0
32606,0
85297,0
76801,0
77066,374
11572,0
60452,0
39301,0
14617,0
63801,0
21001,0
22902,0
73127,0
10598,0
35007,0
82604,532
23113,0
33030,0
28203,0
28328,0
55305,0
95242,0
28379,0
93552,0
70114,0
33708,758
98516,475
92277,0
94062,0
33563,0
80516,0
48340,0
6074,0
33301,935
22152,0
96819,0
30286,0
28804,0
48506,0
34219,0
28012,0
75078,0
92679,0
33314,0
95618,0
19971,0
33825,0
60091,0
78516,0
53405,0
34677,0
84078,0
76036,0
52246,0
45039,0
92883,0
91364,0
1830,0
29505,172
45133,0
68144,0
20602,390
28787,0
77005,0
77530,0
30501,0
28906,805
27701,0
61822,0
77627,0
32169,0
66102,0
98072,0
86303,0
68106,0
98626,0
37804,412
93703,0
16506,0
64131,0
92236,0
53144,0
29418,0
94585,0
27527,0
84084,0
98375,0
70820,0
32043,0
68005,0
49444,0
76140,49
97838,0
31763,0
33763,603
6880,0
91752,0
66762,0
97116,0
34769,426
71118,0
8755,0
19810,0
53713,0
87102,0
33993,0
94518,0
32960,0
60827,0
83402,0
2745,0
77583,508
90041,0
94595,0
30088,320
77071,0
48093,0
29036,0
64155,0
28681,0
38106,0
3054,0
11420,0
33174,0
78734,0
98338,0
98126,0
7010,0
29405,0
35124,538
90059,0
43223,0
45241,0
7106,93
54902,0
6410,0
72206,0
84663,0
89512,0
54650,0
89084,644
38138,0
91351,392
75232,0
14217,0
78738,0
40508,0
55014,0
33328,0
93901,0
6830,0
60051,0
30528,0
11570,0
49684,0
4101,0
77023,0
38637,0
77316,0
52403,0
77043,189
28390,0
53189,0
72116,0
2852,0
32504,0
77551,0
80904,0
85641,0
77016,0
71446,0
98248,0
40223,269
84009,0
7748,0
44319,0
90254,0
80132,0
48326,0
34105,0
78238,0
44012,0
28704,0
28144,0
30327,0
37862,0
20784,0
35243,0
85396,0
1109,0
85259,0
20721,298
98372,0
33596,0
15101,0
32177,0
44116,0
75205,0
34224,0
94603,0
27288,0
32536,554
55102,0
48329,0
68135,0
7860,0
21202,0
60002,0
33556,622
28147,0
92231,0
90810,0
28152,0
48504,0
89145,663
7675,0
19973,381
79407,0
91042,0
78133,0
85040,0
96007,0
28083,240
99577,0
6704,0
49464,0
33901,0
42503,0
29020,0
45331,0
37412,23
37934,524
76092,0
19018,391
35023,0
63112,0
85756,266
11414,0
28570,0
61103,349
32801,415
67501,0
89701,322
85085,0
30168,0
26062,0
29678,0
15202,0
21146,0
53150,0
37334,0
53916,0
54751,0
12078,0
20121,0
79902,0
88201,0
1824,0
38464,11
43227,0
44514,0
80110,0
53545,0
11722,0
4210,0
44144,0
64850,0
70510,0
89044,0
44310,0
92583,0
7719,0
45248,0
18062,0
98383,0
30720,0
66104,0
92706,0
43113,0
12208,0
74112,0
81501,383
67218,356
89406,265
31401,0
77355,0
15136,0
55446,0
7424,0
11731,0
28037,0
71201,0
32401,0
77662,0
43605,0
97071,0
55123,0
61111,384
75041,223
91602,0
27101,0
12047,0
30512,763
77357,0
44857,0
34601,0
24551,0
18064,0
78382,769
79930,0
84606,0
67502,0
45202,0
48503,0
80922,593
56201,0
95501,0
58703,462
95829,0
77327,0
30122,0
79934,0
29575,0
2026,0
37821,0
13069,0
24017,0
1803,0
33991,1087
73003,0
98371,0
34210,0
61244,0
70448,414
31024,0
60015,0
80831,0
77045,0
61938,0
81401,0
22180,264
55025,0
92508,0
97333,0
30601,0
33066,0
44113,0
61571,458
14223,0
98284,0
31792,0
32327,0
60087,0
7430,362
64014,0
1108,0
37208,0
33054,0
93314,0
75225,0
6473,0
75001,0
33916,0
94619,0
10309,0
10512,0
45805,0
23607,0
27597,0
48327,0
33936,0
34772,30
48306,0
17036,249
10708,0
77384,0
78332,0
20653,0
75160,245
27262,0
24701,0
40160,0
48075,0
98311,0
42066,0
94801,0
33805,0
27577,213
60156,0
44137,387
77320,0
16510,0
40422,0
85381,0
30577,0
55411,0
98597,369
95503,0
8002,303
54501,0
92604,0
98272,0
7006,0
98188,0
28112,0
29403,0
95864,0
44484,0
30297,0
84102,0
11530,0
21114,0
75460,0
77414,0
63104,0
54301,0
66223,0
37615,0
80130,0
92301,0
7724,0
73044,0
78410,354
70124,0
43920,0
68105,0
1013,0
63367,0
70127,0
34654,0
77098,0
85304,0
99709,0
22032,0
45247,0
76126,0
99354,0
8060,415
77058,0
77062,0
97015,0
94589,0
36801,0
30248,0
32583,468
11542,0
11803,0
29488,0
75020,0
17408,0
1854,0
33558,0
57105,203
95405,0
20853,0
37138,352
76086,0
4011,0
8204,0
76002,0
36582,0
27260,0
43607,0
93654,0
21286,0
19607,256
27617,0
30260,0
39601,0
33584,365
80249,0
80439,0
86305,0
11741,0
10952,0
28739,0
30549,790
63379,0
74701,0
6002,417
28202,0
28443,0
27549,0
35749,671
60467,0
91324,0
48009,699
33782,0
86403,0
91740,0
17406,0
92394,529
19107,0
10566,0
2050,0
3051,0
30504,0
17057,0
70363,0
84058,0
66208,0
19150,0
33547,0
45237,0
92011,0
86404,0
39443,0
20601,0
27312,0
75119,0
33544,0
48036,0
98008,0
98199,0
44138,0
14228,0
64081,0
19977,0
36867,0
8088,0
93060,0
55420,0
55129,0
78242,0
60172,0
90272,0
5701,0
11361,0
37148,321
84414,0
72118,336
63043,0
30307,0
8638,356
76114,0
59808,0
72301,0
11725,0
20912,0
35404,0
11412,0
98406,0
52241,0
30291,0
91504,0
98671,0
75455,0
53027,0
68107,0
90713,0
98074,0
34212,957
89801,0
2879,0
17078,0
33470,0
41501,0
71909,594
98055,0
44024,0
92119,0
95121,0
90062,0
44446,0
39501,0
41071,317
45440,0
91302,0
84780,0
14216,0
33067,0
98166,0
34103,0
29303,0
17044,0
25705,0
79706,0
77345,0
79118,0
61021,403
60466,121
14220,0
34638,965
48083,0
90680,0
2186,0
98292,0
6451,0
97470,275
1867,0
37865,0
66109,0
28352,0
3867,0
64052,0
91932,0
95131,0
44406,0
45066,0
71220,0
30125,0
84105,0
20705,0
98664,0
22150,0
77033,0
27607,0
33127,0
75662,0
79932,0
6877,0
37405,0
45177,0
31906,0
98178,0
84094,0
23324,0
33150,0
22182,0
98407,0
10471,0
49601,0
8619,14
60538,446
76034,0
32763,0
35010,0
6610,0
22043,0
64130,0
95358,0
37914,0
94621,0
98028,0
2180,0
97140,0
11763,458
34613,0
80212,0
33480,0
19428,0
63401,0
43623,0
45102,0
94580,0
24141,0
28120,0
85303,0
45224,0
43160,0
3053,0
72901,0
18944,0
60013,0
99224,0
22485,0
85306,0
3833,0
77478,0
32809,0
82718,0
99203,0
45242,0
20190,415
71303,0
49428,0
94947,0
14020,0
52245,0
98532,0
63090,0
77803,0
32750,411
79602,0
40353,0
60706,0
35022,0
48371,509
33444,0
33602,0
2346,0
83221,0
55744,0
98310,0
34292,0
65810,0
92337,0
21223,0
21842,1822
40342,0
2907,0
64050,0
89120,0
94803,0
17015,0
52803,0
6108,0
15090,0
60561,0
91301,0
67216,0
2021,0
73064,0
53045,0
60560,0
25526,0
91741,0
44306,0
48223,0
44236,0
40741,0
76208,0
98275,0
90814,0
2914,0
49534,0
48346,0
72315,0
92354,0
90210,0
37774,0
68510,0
56007,0
20105,0
27263,0
28712,0
22406,0
85388,729
54235,0
97754,0
66216,0
29016,790
32926,327
33606,0
95815,0
97239,0
37091,0
71292,0
32413,0
12533,0
44108,0
44139,0
45255,0
89156,0
90249,0
44305,0
91915,0
60459,0
33144,0
1832,0
64083,0
70002,0
85006,0
32931,0
84109,0
98020,0
95341,0
78148,0
77504,0
60108,0
55076,0
63141,284
2043,0
12144,0
18504,0
37857,0
48088,0
48842,0
91784,308
34234,320
45414,0
80124,0
11421,0
98022,0
73507,0
73020,0
19438,0
45208,0
22556,0
85373,0
1602,0
11729,0
6437,0
10901,0
73701,0
30233,0
97058,0
23805,0
89169,0
21040,0
48134,0
73008,0
48081,304
84092,0
50131,0
90717,0
29585,0
17356,291
33569,716
95959,0
33013,0
68111,0
77385,0
85747,15
95841,0
15122,0
36701,0
90710,0
18411,0
64506,0
80238,0
61081,0
95354,236
7869,0
8052,0
83404,0
85250,0
34788,379
53913,0
38701,0
33774,0
33811,403
40047,0
60178,0
25404,0
1104,0
4072,0
8037,0
45322,0
20024,0
54904,0
76308,0
45638,0
48420,0
60053,0
61920,0
99502,0
8876,0
42103,0
48473,0
6067,0
30540,576
33166,0
15106,0
28532,0
28374,0
54913,0
33572,0
5452,0
39465,333
53172,0
64086,0
97013,0
80023,0
48375,0
60448,0
33486,0
20136,0
20715,0
33406,412
70785,0
75771,0
83864,410
45371,0
49001,0
70471,0
29360,0
92835,0
2324,0
19122,293
32217,0
53092,0
66204,0
59802,0
78751,0
85739,0
33477,0
92405,0
38242,0
19133,0
38103,0
93405,0
33761,545
39531,85
8731,655
92118,0
2048,0
92881,0
14618,0
29690,0
22302,0
55313,0
96761,763
48085,0
67213,262
33897,1010
32128,472
32726,0
40211,0
32444,484
43725,0
32311,0
60406,0
13210,0
29170,421
95531,0
7076,0
48864,0
92227,0
50263,0
53226,0
8859,275
11701,284
60803,294
80215,0
5403,0
19803,0
21204,0
95961,0
15143,0
19123,0
7621,0
89106,0
53147,0
49770,0
11720,0
11433,0
8105,0
41005,0
49315,0
2809,0
34266,0
15132,0
91202,0
98043,0
20716,0
49202,0
72761,0
13212,0
33154,1016
76134,0
98296,0
23693,0
30121,0
95377,0
60487,0
91945,0
79015,0
33714,0
95776,0
61802,0
94547,0
45801,0
44087,371
63042,0
77657,0
55345,0
15905,0
18505,0
98520,0
27591,0
32751,0
20169,0
39702,0
53083,0
40351,0
61115,0
70460,0
1905,0
31069,0
62801,0
28805,0
64134,0
97801,0
19064,0
32952,0
2910,0
22209,0
51104,0
63501,0
83647,0
23237,0
33189,427
78754,0
43452,0
74801,250
77020,0
48348,0
78621,0
14830,0
14845,0
7016,0
27518,0
79603,0
19007,0
79072,0
20112,0
55316,0
33028,467
63110,0
80232,0
53143,0
50702,0
11360,0
8879,0
45227,0
27539,0
31326,22
41015,0
78654,0
45405,0
85043,0
42025,0
6488,0
8109,406
30141,0
33759,0
64116,0
75088,0
89048,0
43616,0
70401,0
32836,0
7644,0
35055,0
91755,0
44320,0
37216,0
15801,0
1945,0
7112,0
49431,0
84005,0
35674,0
48182,0
68114,0
98368,0
32713,460
44053,0
97338,410
1440,0
33860,0
27403,0
52317,0
30507,0
66202,0
78653,0
20879,0
97034,0
29206,0
76018,0
66106,0
39648,0
45449,0
48377,0
77523,0
10552,320
34236,720
29906,227
49456,0
7040,0
12189,0
12304,0
60426,0
10308,0
44067,0
43211,0
78261,0
19040,0
90720,0
10954,0
31548,459
63111,0
67114,0
11418,0
72802,0
10541,0
49685,363
1720,0
20005,0
6905,0
44011,0
48532,0
11415,0
99403,0
53090,0
64063,0
44001,0
21613,0
48176,0
19608,0
28043,0
32176,0
54022,0
75090,0
84302,0
20832,0
1056,0
48331,0
60439,0
29420,356
31605,0
13850,0
44131,0
66203,0
28504,0
55447,0
7108,0
15239,0
34233,0
49735,0
90732,0
43609,0
36265,0
89166,0
19348,0
49002,0
60008,0
49783,0
34446,151
99212,0
97078,0
60443,347
87701,0
40215,0
55437,0
2888,0
44202,0
71301,0
87501,477
66047,0
4074,0
36869,0
95133,0
31558,0
88030,0
73130,0
31768,0
60431,0
60450,0
80224,0
31520,0
84721,516
39305,0
43078,0
48168,0
23061,0
62401,0
90606,0
30116,0
19027,0
13208,0
33483,0
67226,0
80207,0
48125,398
84098,0
39507,0
66046,0
85715,0
44511,0
20659,0
95827,0
91103,0
20018,0
42633,0
89408,0
50208,0
27886,0
45505,0
75048,344
21211,0
96150,0
73135,0
71701,0
8536,0
55410,0
7652,0
27401,0
80921,0
49316,431
33132,1258
1027,0
88007,0
33931,0
45245,0
93950,0
31903,0
36092,0
2171,0
53716,0
55412,0
40330,0
21076,0
90265,0
95363,0
8104,0
32804,0
93444,0
8611,90
1886,0
14072,0
75235,0
84044,0
91724,0
66030,0
15425,0
93618,0
12477,0
55075,0
26501,0
36360,0
82070,0
15220,0
2818,0
49445,0
55057,0
7866,0
79413,0
45251,0
56501,0
85215,0
71037,0
2649,0
21231,0
48314,0
55431,0
1950,0
99004,0
27803,0
1606,0
67211,0
75022,315
4092,0
33004,0
48813,0
32796,29
35613,0
56537,0
94506,0
34465,575
61455,0
80915,0
48382,0
79764,0
23704,427
77503,0
95054,0
29307,0
35126,416
19963,347
34994,0
17552,0
24179,0
77069,0
20876,0
13204,0
14526,0
85028,0
36066,0
35950,0
13901,0
26201,0
45822,0
28139,0
54937,0
59714,0
89118,0
89706,0
17545,0
97439,0
24523,0
7450,0
8721,534
21078,0
77038,0
87002,0
37766,316
80403,0
36207,0
73115,0
20017,0
50320,0
35633,0
30035,0
83634,626
76148,0
27712,0
95448,0
44709,0
7901,0
28501,0
57078,0
94706,0
43812,0
27896,0
21037,0
67204,0
23502,0
93560,0
95949,0
77578,0
80002,0
75965,0
33609,0
34442,461
21012,0
55038,0
75146,0
3246,0
44641,0
91361,0
36203,0
73521,0
19006,0
38555,0
92551,256
85901,0
29644,0
30017,0
33948,650
98108,0
74804,272
37321,0
30106,0
60661,0
29340,0
11001,0
66209,0
98264,338
43231,0
91307,0
19061,0
32407,668
92596,0
44123,0
19106,0
32826,0
28326,0
77505,0
53589,0
35235,344
14206,0
31008,286
48033,0
34482,0
1749,0
60430,0
74134,0
98005,0
24503,0
60124,0
78102,0
11776,0
24151,0
53224,0
32097,0
84341,0
48169,0
94024,0
19010,0
27408,0
67208,0
48442,0
20871,347
41102,0
55317,0
95819,0
63138,0
15644,0
33181,0
36606,0
78214,0
22655,0
29379,0
21158,0
63020,0
23294,0
68845,0
93041,0
32141,0
33773,0
60194,0
77086,0
82609,0
98230,0
1890,0
41101,0
31503,0
45030,0
54476,0
14760,0
99705,0
28714,0
43311,0
12110,0
14051,0
55066,0
6850,0
36693,0
82501,0
8028,0
35901,0
48624,0
53029,0
2129,0
77545,0
18603,0
98506,0
91737,0
7080,0
72904,0
95965,0
60177,0
13820,0
11967,0
29108,0
33185,0
18067,315
97317,0
54452,0
11791,0
76310,325
7071,0
23504,24
16505,0
61364,0
65251,0
3110,0
36575,0
71055,0
97031,0
31721,0
44147,0
85031,0
37725,0
16365,0
39073,0
48458,0
84124,0
8108,0
80528,0
33323,489
30009,0
7008,0
33603,317
75180,0
70438,0
17821,0
74037,0
74107,0
19422,0
1887,0
80905,0
93023,0
62305,0
70520,0
13790,0
79119,0
90746,0
11021,0
99501,0
63135,0
1301,0
34695,0
49091,0
23692,0
19046,0
12534,0
50125,0
76082,0
11501,0
68504,0
74145,0
24014,0
24333,0
11795,0
60175,0
53110,0
97103,0
83202,0
34736,136
48202,0
61101,0
31701,0
53005,0
33711,0
37745,0
53022,0
98177,0
6032,0
27501,0
55441,0
79414,0
74601,0
7094,0
19014,0
14456,0
14218,0
28716,0
43611,0
48912,0
80109,0
44223,0
44314,0
32206,321
68130,0
49829,0
84040,0
19605,0
98075,0
84045,0
20720,0
38351,0
60419,0
86323,0
33431,0
89144,0
60502,0
48393,0
79065,0
11563,0
55430,0
76135,0
49093,0
4102,0
13206,0
11423,0
31407,0
38133,0
98053,0
84075,0
97415,265
99515,0
19023,0
44149,0
23221,0
8057,0
95519,0
22303,0
50009,0
75602,0
78114,0
1581,0
60473,0
70611,0
85748,0
43138,0
33037,0
34771,0
31312,0
53538,0
33472,0
53121,0
60045,0
33898,285
95746,0
28630,0
7950,0
76067,0
11768,0
32805,0
84128,0
39560,0
43140,0
18976,0
7203,318
20037,0
35214,0
90240,0
19342,0
85749,0
29492,0
55350,0
66605,0
48094,0
91768,0
34102,0
94105,0
15147,0
7095,232
29204,0
6825,0
11714,0
28732,0
33634,0
48837,0
44142,0
15241,0
91010,0
41091,0
18235,0
33469,0
38478,0
29506,0
37411,0
11747,0
44017,0
99202,0
6062,0
92106,0
28312,0
40031,0
48854,0
23114,0
85019,0
53024,0
13205,0
28036,0
48114,0
33971,0
75181,182
58401,0
44622,0
82414,293
6037,0
44126,0
65738,456
10990,255
35661,0
30071,338
84108,0
85284,0
60130,0
27801,0
30643,0
73018,0
38372,0
83716,0
97055,0
49307,0
72715,645
92860,0
30728,0
44820,0
40204,0
28557,0
19073,0
44057,365
73114,0
31750,0
33129,575
60491,0
67530,0
79703,0
20646,232
43952,0
56377,0
10310,0
17225,0
3842,0
37212,217
7871,572
2915,0
75212,0
94301,0
61550,0
44830,0
11369,0
55906,0
16148,0
6001,0
22911,0
50703,0
18020,0
33405,0
55803,0
2170,0
18049,0
32226,0
70706,0
6443,0
34480,0
83703,0
24015,0
2871,0
30314,0
74021,0
8260,0
40059,0
35976,304
23226,0
97850,0
2601,0
34286,572
84032,454
8690,0
95367,0
98642,0
8034,0
26104,0
36507,0
73010,0
2554,0
11784,0
34714,0
76120,0
49401,0
68128,0
48334,0
86005,0
21214,320
78374,153
29410,0
73501,0
6107,0
59937,0
2190,0
19341,0
10303,0
70435,0
76177,0
30677,0
33168,0
28387,0
44278,0
2152,0
40014,0
61073,0
13903,0
24201,0
42501,0
62220,0
39553,0
78620,0
98422,0
44647,0
97424,0
19090,0
27021,0
44333,0
2842,0
48184,0
63137,0
2882,0
75156,0
57501,0
80223,0
37748,0
95620,0
34474,0
57110,0
25414,0
53548,0
55438,0
31015,0
33760,0
18640,0
53597,0
73036,0
98686,0
8015,0
33872,0
54166,0
49058,0
84651,0
97060,0
53012,0
55362,0
55435,0
34222,0
29053,0
6615,0
6801,0
87508,0
33316,0
36804,0
27546,0
37015,0
48240,289
11694,0
14610,0
89027,0
92603,0
44092,0
32920,0
32934,0
21901,0
95212,0
10605,0
91040,0
32025,0
59106,0
33704,488
76052,0
20657,0
78503,0
34473,231
10703,0
45205,0
32024,0
8210,440
18914,0
12508,0
30277,0
48838,0
53149,0
66221,0
94022,0
30548,0
44055,0
11010,0
77568,0
68505,0
19804,0
33566,279
15228,0
83204,0
79765,0
1001,0
1570,0
35016,0
60153,0
75142,0
34228,0
70125,0
33983,0
29569,0
97215,0
21409,0
6401,0
62223,0
12801,0
95437,0
34235,0
78801,0
53089,0
4073,0
37932,0
44410,0
55331,0
11552,0
40361,0
57783,0
65020,0
56073,0
50312,0
92532,0
40744,0
73142,0
54455,0
55127,0
33598,337
44241,0
37938,0
94618,0
69361,0
62711,0
28801,0
60513,0
35763,0
11762,0
94564,0
37210,0
2878,0
33767,0
17025,0
98282,0
39565,0
63084,0
68847,0
1609,0
2066,0
6840,0
40213,0
64064,0
2790,0
99201,0
60403,0
4062,0
11946,0
77979,0
25302,0
94563,0
99217,0
54981,0
15017,0
33635,0
74129,0
75402,0
33525,0
84093,0
76574,0
1603,0
74114,0
1913,0
13662,0
34237,0
53185,0
14420,0
38804,0
84720,0
98136,0
54656,0
28301,0
89146,302
7735,0
62208,313
2492,0
78724,0
90222,0
34951,0
60093,0
70563,0
1721,0
14468,0
11968,0
67901,0
98408,0
33637,0
54017,0
92808,0
28327,0
60154,0
19440,0
85253,0
7508,0
8077,0
16117,0
30153,0
33777,0
35040,0
17104,0
28779,0
41076,0
65613,0
18902,0
34239,0
33331,442
53094,0
12054,0
72022,0
44833,0
37909,0
60140,0
7205,0
32081,690
92029,0
49010,0
67206,0
60465,0
19801,0
23508,0
61104,0
24450,0
70507,0
72801,0
75751,0
85262,0
37127,0
84737,0
82072,0
34142,0
44705,0
60106,0
2747,0
71104,0
6820,0
75401,0
71115,0
43056,0
37354,0
95422,0
28075,0
8872,0
22551,0
6804,0
36854,0
18109,0
44132,0
35071,0
48030,0
27317,0
8505,0
24210,0
48082,361
95135,0
17019,0
8550,0
60585,0
79110,0
44089,0
7407,0
52807,0
17070,0
53714,0
17745,0
58203,0
98332,0
10509,0
80908,0
23325,0
78220,0
17512,0
10805,0
74354,0
48386,0
60805,0
78070,0
7020,0
76234,0
76015,0
5446,0
78644,0
37204,243
74127,0
99701,0
77640,0
20895,0
42134,0
55309,0
24572,0
74019,0
18013,0
37813,0
33896,959
5301,0
32829,0
48098,0
70764,0
53718,0
67205,0
16701,0
31005,0
93103,0
63105,0
8085,0
85118,0
18302,0
2081,0
45419,0
27282,0
5641,0
14052,0
16125,0
28574,0
92585,0
64157,0
42164,0
11427,0
94949,0
78676,0
15025,0
29306,0
48879,0
53115,0
26330,0
14615,0
7506,0
11783,0
37069,0
80305,0
2370,0
29568,0
92411,0
45410,0
10603,0
54143,0
60164,0
33605,0
88130,0
40228,0
6385,0
7461,412
49090,0
80620,0
49008,0
77303,0
53190,0
96746,0
78617,0
44706,0
29302,0
17801,0
23005,0
48820,0
98942,0
2141,0
28462,0
25704,0
14559,0
38107,0
83338,0
35473,0
37771,0
50036,0
98274,0
77619,0
34420,0
75672,0
64110,0
97210,0
35756,0
48230,0
36870,0
75951,0
55391,0
63074,0
41075,0
36305,0
92082,0
84054,0
5478,0
23430,0
59840,0
2035,0
14214,0
27596,0
53228,0
64029,0
14305,0
80121,0
84097,0
95602,300
75209,0
76008,0
6518,0
91723,0
44907,0
78747,0
76528,0
62656,0
66503,0
70128,0
84104,0
48206,0
62298,0
2865,0
60304,0
44022,0
60542,0
82716,0
1904,0
75094,0
29070,0
1075,0
34996,562
49321,0
18436,0
34242,0
49301,0
55401,0
19512,0
13031,0
41001,0
44023,0
16301,0
54868,0
1247,0
12831,0
60404,0
95330,0
7070,0
62035,0
79336,0
72210,0
7834,0
55720,0
1550,0
48072,0
12118,0
17033,0
74344,0
63775,0
39773,0
84025,0
75137,0
3063,0
2719,0
27576,0
96161,0
15218,0
50325,0
42728,0
48625,0
99516,0
33616,348
45640,0
15666,0
92501,0
89403,323
15012,0
36571,0
72058,0
6468,0
45504,0
71923,0
31211,0
15501,0
48043,0
76111,0
56379,0
2766,0
16508,0
31217,0
11581,0
77318,281
38261,0
6517,0
91384,0
7928,0
36618,0
97051,0
48084,0
72002,254
75143,0
21050,0
81101,0
49721,0
74401,0
19703,0
75253,0
91011,0
39705,0
71953,0
13039,0
63034,0
92251,0
7086,0
35406,0
87301,0
37763,0
28539,453
54660,0
7081,0
17401,0
65270,0
90603,0
30642,0
16046,0
15904,0
48059,0
99517,0
37398,286
43528,0
8232,396
38112,0
48304,0
18337,0
83442,0
53158,0
39426,0
30635,0
6483,0
70546,0
2911,0
21085,0
63049,0
45344,0
22046,0
41031,0
99037,0
61520,0
45377,0
35080,0
73118,0
85310,390
6029,0
5201,0
26241,0
16502,0
19809,0
94519,0
19044,0
7650,0
56304,0
45209,0
19015,0
71602,0
33034,0
62966,0
88061,0
8361,0
4605,0
37090,0
83617,0
7751,0
75707,0
78737,0
96768,0
33815,0
16105,0
45502,0
18428,0
38343,0
92625,0
32534,0
48193,0
85139,0
8840,0
53566,0
49004,0
67005,0
91381,0
1501,0
87122,373
7405,0
76104,0
15009,0
34690,0
8033,0
33545,0
94945,0
67042,0
48051,0
52002,0
6415,0
16648,0
12561,0
30273,0
19947,0
48323,0
32903,0
33149,0
81147,0
99016,0
8852,0
29078,0
30179,0
80903,0
32922,0
92014,0
27948,0
55306,0
8406,0
37416,0
28711,0
90293,0
72364,0
77302,0
22124,0
77541,0
81623,0
84111,0
89138,0
70518,0
30513,0
95110,0
8008,0
33565,0
54241,0
35206,0
63126,0
48302,0
75116,0
20151,0
2777,0
29693,0
13413,0
96821,0
13669,0
67460,0
33549,0
75801,0
29662,0
15232,0
80751,0
43506,0
18705,0
75134,0
31709,0
19465,0
29601,0
60546,0
20724,0
97459,0
49660,0
93280,0
95817,0
12524,0
3055,0
36027,0
11754,0
77707,0
50313,0
29572,0
44420,0
68136,0
95366,0
2351,0
8830,0
77328,0
13057,0
21550,0
21108,0
39520,0
32310,0
92010,0
36106,0
66067,0
92865,0
14564,0
30474,0
2421,0
28460,0
60084,0
74361,0
92377,0
96130,0
33980,0
34715,0
81321,0
97524,0
81521,0
22963,0
13219,0
86426,0
78015,0
32428,0
63131,0
38611,0
45891,0
27504,0
55371,0
39571,0
38120,0
57350,0
81507,0
37377,0
3303,0
89005,0
4038,0
68507,0
22546,388
60070,0
19707,0
85653,0
77030,0
61603,0
63005,0
8837,0
18466,0
29118,0
15201,0
10567,0
1028,0
28584,0
60118,0
33327,507
23707,0
35121,0
45320,0
32317,0
92844,0
83858,0
6351,0
30354,0
35475,0
62568,0
30747,0
42754,0
55364,0
35210,0
7067,0
2359,0
85083,0
25427,0
62249,0
61114,0
35967,0
97914,0
53901,0
49331,0
2019,0
30707,0
56345,0
97381,0
18634,0
78739,0
97216,0
19975,0
55008,0
49047,0
87113,0
22301,0
48341,0
15229,0
25314,15
35094,0
35111,0
70037,0
77378,0
19001,0
23901,0
15214,0
16504,0
64024,0
10580,0
44425,0
1510,0
15226,0
2806,0
37663,0
33305,0
78611,0
34211,0
6897,0
59047,0
35213,0
36054,0
2664,0
21532,0
20816,0
87544,0
77002,0
95490,0
55346,0
48324,0
56258,0
18707,0
72543,0
75633,0
7079,0
13104,0
60131,0
33315,0
41056,0
80534,0
83318,0
59803,0
17837,0
29388,0
33981,560
45432,0
11356,0
75409,0
77713,0
81503,0
68310,0
72830,0
33184,0
25401,0
78732,0
91390,0
22025,0
57703,0
99669,0
10960,0
19054,0
99353,0
8110,0
63050,0
75159,0
27525,0
34949,192
65265,0
61102,0
44041,0
75601,0
40514,0
12182,0
2726,0
49080,0
53575,0
76643,0
12019,0
37874,0
10549,0
29860,0
91105,0
1748,0
85757,0
73801,0
80517,0
29323,0
11733,0
18040,0
75803,0
74955,0
78642,0
22026,0
44140,0
54843,0
28791,0
60104,0
29153,0
50309,0
44321,0
11030,0
30317,0
77028,0
31533,0
65560,0
30276,0
87410,0
77051,0
36527,0
8691,0
96743,0
98045,0
32656,0
27592,0
97038,0
64056,0
87506,17
43950,0
35757,0
64735,0
77591,0
80701,0
37135,0
80465,0
64117,0
60490,0
37083,0
7646,0
53129,0
2189,0
49319,0
40217,0
53073,0
29902,0
21046,0
34241,0
56003,0
15203,0
49286,0
74429,0
65706,0
11553,0
32011,0
24301,0
98903,0
90715,0
60521,0
92075,0
77031,0
97739,0
85650,0
22603,0
54467,0
73096,0
52577,0
77441,755
98233,0
28465,0
33765,0
76306,0
1776,0
33412,0
27006,0
44301,0
6355,0
62522,0
1938,0
22066,0
33559,229
33523,0
16830,0
7628,0
11961,0
48026,0
32827,0
11782,0
48827,0
66103,0
1007,0
78645,0
48846,0
91208,0
45223,0
72117,0
76022,0
7746,0
19956,0
48225,0
44904,0
77447,0
55804,0
20187,0
98663,0
44839,0
76207,0
10530,0
86336,0
67156,0
77059,0
8203,0
65340,0
33715,0
80030,0
28164,0
3743,0
7730,0
28467,0
60455,0
19057,185
31216,0
22039,0
37188,0
77401,0
2532,0
19968,0
4064,0
68131,0
36078,0
66205,0
91901,0
30523,0
18938,0
45403,0
48451,0
60478,342
32669,0
26726,0
76266,0
7480,11
90502,0
18407,0
60417,0
51103,0
95540,0
63841,0
76031,0
7522,0
29369,0
49242,0
30461,0
6716,0
52556,0
64057,0
30011,0
75103,0
37166,0
20012,0
34785,0
6070,0
31516,0
54961,0
93610,0
63383,0
97408,0
40210,0
28516,0
80236,0
22508,0
30360,0
23851,0
92344,0
59401,0
23838,0
68132,0
7066,0
18969,0
99338,0
7031,0
6831,0
77510,0
4043,0
29631,0
4090,0
16146,0
19508,0
2631,0
33957,0
56701,0
77575,0
15057,0
65355,0
22553,0
1907,0
94505,0
28604,0
15767,0
74070,0
77554,926
48130,0
55436,0
93728,0
93263,0
36619,0
64468,0
15211,0
32615,0
64132,0
8107,0
48840,0
28023,0
51301,0
89445,0
34669,0
6470,0
48638,0
93402,0
63069,0
23661,339
48362,0
78064,0
48025,0
20905,0
54636,0
32968,0
30656,0
70121,0
15116,0
29033,0
1106,0
15238,0
76450,0
78255,0
85607,0
11429,0
98660,0
35045,0
94920,0
22151,0
92587,0
29936,0
48855,0
53717,0
53532,0
19518,0
45243,0
61071,0
31220,0
76309,0
32951,23
6117,0
97138,0
72936,0
97386,0
70447,0
33947,0
3064,0
63628,0
39272,0
97367,0
32653,0
91902,0
79007,0
55398,0
18431,0
50316,0
63025,0
43125,0
8062,0
42211,0
64082,0
13209,0
11726,0
7882,207
11788,0
50311,0
72908,0
35115,0
2090,0
1520,0
7940,0
40071,0
98321,0
62629,0
7005,0
20619,0
36567,0
35120,0
53959,0
55376,0
72396,0
20855,0
21205,0
64701,0
6413,0
33534,0
62294,0
76118,0
20186,0
62034,0
94507,0
74104,0
92225,0
30103,0
11703,0
12771,0
23093,0
93923,0
62946,0
66207,0
2771,0
28315,0
21210,0
30107,0
35077,0
81601,0
12839,0
6357,0
38571,0
45249,0
6416,0
35904,0
1118,0
81520,0
11963,0
96749,0
7044,0
97141,0
61068,0
15243,0
94556,0
72921,0
71006,0
67002,0
60429,0
87104,0
74003,0
33050,0
1532,0
25313,0
50323,0
11780,0
97218,0
23663,0
35645,0
95954,0
34972,0
34984,386
45233,0
75762,0
63080,0
12701,0
25411,0
48381,0
31501,0
77905,0
11362,0
37854,0
34432,0
95066,0
14513,0
80513,0
90094,0
29920,0
37179,0
79360,0
54409,0
27932,0
7733,0
35504,0
38139,0
60463,0
85266,0
26105,0
72455,0
81003,0
48374,0
93268,0
62948,0
11702,0
1331,0
7481,0
75244,0
44141,0
83406,0
99218,0
48189,0
30517,0
64112,0
97814,0
29672,0
37777,0
97365,0
61866,0
13421,0
40175,0
1095,0
48017,0
25309,0
52003,0
85387,104
20194,0
56031,0
78256,0
64772,0
1835,0
6461,0
79412,0
86327,0
44718,0
35750,0
53074,0
43205,0
44119,0
2632,0
23509,332
38556,0
20650,0
13066,0
84014,0
21620,0
35057,0
10965,0
95338,0
78248,0
11953,0
1864,0
3106,0
33966,0
36541,0
13215,0
17517,0
27358,0
40444,0
38572,0
77868,0
33955,460
95252,0
2767,0
48118,0
76707,0
91436,0
15061,0
6812,0
87015,0
81416,0
74467,0
21704,0
34950,0
1527,0
28748,0
2382,0
7059,0
35180,0
48001,0
72714,433
20132,0
50111,0
24121,0
98363,0
37760,0
19056,0
95451,0
19473,0
64060,0
75686,0
96778,587
29626,0
2540,0
18643,0
6096,0
59501,0
18202,0
76550,0
77445,0
19522,0
24202,0
7446,0
49337,0
5468,0
33859,0
19096,0
53534,0
33413,0
34479,263
60191,0
28021,0
8736,0
2903,0
43064,0
19970,0
60026,0
77003,0
99114,0
75009,0
6084,0
92845,0
48301,0
85128,0
33403,0
64079,0
15209,0
32254,0
75647,0
93442,0
8882,0
98065,0
8009,0
87413,0
2673,0
55442,0
67301,0
6795,0
80424,619
37772,0
31523,0
3087,0
12538,0
7828,0
70814,0
77336,0
23150,0
43326,0
21128,0
29907,0
37406,0
99611,0
33527,0
34450,313
33498,0
60526,0
60555,0
56470,0
19036,0
81008,0
63857,0
20613,0
80007,0
19525,0
95453,0
89460,0
15668,0
33035,0
36111,0
67357,0
30337,0
37327,0
2420,0
72207,0
37073,0
88260,0
4530,0
10302,0
66606,0
12528,0
64507,0
98070,0
60458,0
37218,0
50211,0
77651,0
14527,0
6475,0
49230,0
67010,0
45002,0
14622,0
37721,0
79549,0
34731,0
2645,0
33187,0
6706,0
1746,0
78121,0
89423,0
98360,0
25425,0
73644,0
60192,0
68512,0
8070,291
27249,0
39540,0
62236,0
8215,0
48836,0
95391,0
38668,0
2045,0
11949,0
49348,0
41653,0
72012,0
23836,0
27522,0
18444,0
48653,0
65583,0
45885,0
98674,0
89410,0
30110,0
32569,217
34452,0
49720,0
6418,0
93433,0
7762,0
90402,0
76247,0
62052,0
30650,0
2332,0
6477,0
8251,366
15522,0
41048,0
44721,0
50219,0
56187,0
25403,0
38821,0
64505,0
75791,0
95030,0
49801,0
62450,0
89815,0
28134,0
39475,0
22181,0
37341,0
75835,0
97448,0
28753,0
32136,0
34448,0
75054,0
38866,0
19934,0
31047,0
39470,0
37924,0
39574,0
27023,0
7001,0
60445,502
81506,0
33875,0
77422,0
32696,0
7663,0
10941,0
95673,0
43953,0
44667,0
45067,0
6076,0
27944,0
77808,0
44260,0
81620,0
8244,0
22835,0
14063,0
75757,0
18036,0
55444,0
81201,0
94904,0
82935,0
51401,0
75418,0
8402,0
48173,0
61853,0
67060,0
64503,0
3878,0
95650,0
28469,0
8846,0
74604,0
40208,0
67209,0
99006,0
27524,0
61705,0
17870,0
55056,0
11738,0
55387,0
62896,0
75644,0
67337,0
52632,0
94571,0
11428,0
19425,0
78669,0
48609,0
60457,0
60471,0
64080,0
17754,0
14613,0
51031,0
13207,0
38358,0
55374,0
20639,0
49345,0
33776,0
63134,0
33146,0
64108,0
59911,0
80863,0
40484,0
15003,0
66002,0
36877,0
10520,0
85007,0
75862,0
44614,0
21666,0
44054,0
68048,0
98579,0
41094,0
2339,0
15065,0
30204,0
54521,0
81650,0
59860,0
48079,0
95946,0
78257,0
72719,449
81082,0
92314,858
60503,0
49849,0
32766,0
75494,0
1569,0
34288,453
76692,0
6424,0
54487,0
11751,0
73106,0
82520,0
84501,0
8069,249
60447,0
2748,0
23875,0
36022,0
93015,0
29669,0
38340,0
82930,0
91377,0
99603,0
10804,0
64089,0
19390,0
48661,0
55040,0
73089,0
72212,0
92274,0
25405,229
48623,0
76103,0
6238,0
62206,0
97221,0
74033,0
33812,0
14092,0
18960,0
48629,0
81611,0
2364,0
19943,0
43031,0
3076,0
48732,0
4105,0
18055,0
87571,0
33974,0
30620,0
96097,0
80107,0
30326,0
35773,0
11730,0
65605,0
60020,0
81230,0
35212,0
53085,0
32579,0
45309,0
7670,0
68008,0
17847,0
99019,0
8030,0
8534,0
38672,0
48462,0
64128,0
1119,0
28445,0
75065,0
6903,0
32784,0
94517,0
2333,0
38558,0
22657,0
56431,0
60481,0
36420,0
70070,0
48723,0
27949,0
70811,0
2571,0
73068,0
93614,0
17972,0
24901,0
27523,0
56093,0
85622,0
62812,0
72745,0
55409,0
32222,0
36853,0
50428,0
28721,0
11951,0
44905,0
53965,0
82435,0
33478,0
92007,0
14425,0
15071,0
25428,0
32219,0
32063,0
16057,0
32333,0
23117,0
29365,0
33190,0
83333,0
34117,0
48166,0
66071,0
14519,0
64106,0
48750,0
23072,0
63077,0
76302,0
2917,0
48801,0
34453,0
1940,0
65742,0
70739,0
11778,0
60033,0
6371,0
32220,0
40243,0
74728,0
63645,0
44509,0
21774,0
80603,0
97741,0
8812,0
32095,0
10924,0
60950,0
11950,0
92582,0
38852,0
40108,0
31632,0
54806,0
74953,0
50138,0
53558,0
64113,0
98250,0
89029,0
20124,0
45714,0
11790,0
36274,0
17103,0
67235,0
3275,0
11004,0
66701,0
25419,0
28428,0
48160,0
44056,0
43440,0
64601,0
12589,0
19078,0
45434,0
76054,0
73025,0
38320,0
11767,0
32439,0
80487,0
93210,0
6098,0
16137,0
49127,0
49740,0
91024,0
71119,0
74432,0
77563,0
35004,0
81625,0
23702,0
21054,0
32501,0
59044,0
60482,0
76354,0
62960,0
28904,0
19055,0
61254,0
30529,0
28470,0
68007,0
38843,0
83001,0
35960,0
12414,0
60152,0
61264,0
74128,0
45152,0
76088,0
95425,0
33982,0
56082,0
75758,0
78578,0
18657,0
34987,0
1507,0
68138,0
27040,0
18252,0
33853,0
34461,0
70047,0
62095,0
23662,0
60548,0
93505,0
8048,0
62881,0
74948,0
78362,0
35761,0
53098,0
27244,0
48383,0
49738,0
93449,0
17222,0
30054,0
49333,0
7843,0
97113,0
97361,0
15906,0
93108,0
8010,0
98550,0
84532,0
32776,0
75654,0
83644,0
75249,0
7660,0
45106,0
49412,0
20678,0
15022,0
37062,0
73116,0
43023,0
65584,0
22308,0
8031,0
93730,0
19962,0
6478,0
75462,0
66720,0
2356,0
28713,0
93644,0
81403,0
56071,0
27214,0
5495,0
7022,0
16511,0
77423,0
66611,0
80435,0
40242,0
8863,0
35769,0
63124,0
10980,0
50112,0
63117,0
29401,0
69341,0
8318,0
35223,0
66224,0
64501,0
78336,0
83350,0
8004,0
11742,0
89441,0
2563,0
35043,0
89508,0
33972,0
33976,0
61523,0
61548,0
3909,0
20166,0
34240,0
65809,0
29829,0
14625,0
32908,0
44471,0
53563,0
76230,0
8512,0
45806,0
62918,0
74023,0
81505,0
16901,0
42345,0
80621,0
30546,0
12586,0
60545,0
29691,0
7062,0
63670,0
92252,144
32643,0
34428,0
64075,0
30268,0
20882,0
36064,0
66226,0
67219,0
23510,0
62010,0
6239,0
80549,0
20695,0
38060,0
44044,0
60410,0
89109,635
49103,0
60712,0
35906,0
33330,0
60176,0
36206,0
83669,0
8051,0
60558,0
65233,0
21047,0
48895,0
53963,0
1879,0
70445,0
54971,0
99623,0
1462,0
11764,0
17102,0
11436,0
48360,0
61607,0
78163,0
95368,0
35634,0
30531,0
12211,0
57785,0
59711,0
61462,0
97089,0
18324,0
21788,0
37381,0
77068,0
39819,0
80018,0
60554,0
85003,0
72560,0
32640,0
17113,0
34604,0
3570,0
93465,0
79756,0
19475,0
8201,0
84087,0
11576,0
7734,0
98077,0
2769,0
50327,0
92067,0
2921,0
30525,0
76426,0
43021,0
34429,316
93109,0
7974,0
33170,0
49837,0
89703,0
85054,0
83340,0
68133,0
7009,0
8628,0
84066,0
28731,0
8620,0
51360,0
82633,0
57005,0
2813,0
19086,0
90755,0
49097,0
7885,0
92313,0
17340,0
63935,0
23664,0
91708,0
4730,0
19734,0
78639,0
45404,0
35660,0
68522,0
49107,0
82240,0
92657,0
23002,0
65049,0
70647,0
2330,0
76905,0
40513,0
56472,0
32561,0
36604,0
48809,0
27958,0
11798,0
22443,0
3077,0
5408,0
15656,0
11755,0
19312,0
6798,0
48138,0
54615,0
45305,0
68112,0
3857,0
87048,0
92325,0
7078,0
77807,0
7436,0
57107,0
44481,0
8824,0
3031,0
50616,0
39525,0
45068,0
7853,0
48040,0
63390,0
13041,0
49038,0
2052,0
33954,0
4736,0
21769,0
14006,0
61072,0
33592,0
21102,0
10570,0
68122,0
55445,0
67410,0
96067,0
34229,0
36093,0
58854,0
35824,0
2375,0
61080,0
20607,0
60097,0
62712,0
60171,0
31316,0
99324,0
11766,0
97457,0
98541,0
1540,0
31757,0
31820,0
55051,0
54457,0
60305,0
31411,0
27377,0
35146,0
53120,0
84335,0
60190,0
35058,0
11366,0
4769,0
29356,0
24522,0
93636,0
19952,0
95726,0
10918,0
87059,0
72086,0
53581,0
97503,0
7922,0
7438,0
28777,0
11753,0
43338,0
93546,0
95948,0
48128,0
89060,0
11577,0
76085,0
24504,0
31636,0
78721,0
13619,0
38058,0
85929,0
97540,0
31320,0
7456,0
27376,0
38570,0
45050,0
24211,0
11598,0
53037,0
97411,0
7458,0
76273,0
74132,0
32736,0
7442,0
69001,0
95742,0
97530,0
34436,0
98569,568
39482,0
48065,0
23075,0
55301,0
83661,0
7035,0
41035,0
39232,0
11575,0
19609,0
6078,0
21787,0
79124,0
34607,0
35128,0
25143,0
34688,0
19317,0
8093,0
18031,0
10307,0
43203,0
89143,296
77094,0
84337,0
99518,0
27850,0
75979,0
12566,0
60044,0
93543,0
49696,0
4468,0
21617,0
81122,0
96019,0
65043,0
75076,0
28466,0
35222,0
37757,0
81632,144
6382,0
22968,0
72753,0
80230,0
6019,0
2896,0
17319,0
66206,0
4046,0
7921,0
18229,0
25560,0
75650,0
20636,0
99712,0
33473,0
48144,0
32134,0
78730,0
53572,0
65711,0
65065,0
49712,0
64429,0
67230,0
49457,0
77611,0
48509,0
50801,0
12571,0
43964,0
80924,0
7760,0
22664,0
31620,0
10970,0
11545,0
38004,0
49408,0
65737,0
20732,0
75645,0
78202,0
85123,91
33042,0
36079,0
73078,0
3249,0
27301,0
32456,0
39530,0
1077,0
92210,0
85355,0
3904,0
80640,0
86429,0
6786,0
92610,0
93428,0
28207,0
7419,0
32446,0
37186,0
11518,0
30536,0
1450,0
97383,0
60464,0
80125,0
23120,0
30622,0
48015,0
6379,0
78252,25
68467,0
8835,0
48529,0
32132,0
72730,0
87402,0
33785,0
97537,0
1230,0
75454,0
75442,0
75021,0
3235,0
4107,0
89519,0
85012,0
74434,0
11713,0
28694,0
30607,0
4096,0
6480,0
10589,0
29927,0
81211,0
1475,0
8083,0
6482,0
61525,0
11771,0
66086,0
55042,0
14905,0
19945,0
25304,0
60514,0
8889,0
23024,0
67147,0
80433,0
80925,0
7045,0
31064,0
84029,0
2916,0
2061,0
66083,0
22932,0
35652,0
23314,0
19060,0
30025,0
60422,0
6907,0
2657,0
18222,0
78736,0
43449,0
32110,0
50595,0
43076,0
35068,0
97487,0
82301,0
8758,0
60041,0
12549,0
65559,0
21029,0
65453,0
28754,0
32409,0
81435,0
73086,0
34431,0
92315,0
28785,0
22942,0
60119,0
8823,0
57719,0
48208,0
48915,0
31087,0
21629,0
20640,0
98922,0
79410,0
86315,0
99026,0
15658,0
98620,0
61065,0
50022,0
60416,0
11954,0
78643,0
42262,0
60012,0
30666,0
48062,0
64085,0
21793,0
97759,0
52748,0
90077,0
62056,0
60442,0
8722,0
48415,0
49306,0
98826,0
80421,0
84655,0
75765,0
98239,0
8022,0
35127,0
2341,0
7716,0
10536,0
18210,0
7063,0
63012,0
30553,0
55439,0
28741,0
34434,0
22712,0
55011,0
3825,0
13152,0
72173,0
36551,0
53551,0
49938,0
8322,0
43935,0
48074,0
98816,0
49078,0
37385,0
56353,0
22611,0
48359,0
84060,0
53948,0
77331,0
96738,0
48444,0
7034,0
35096,0
3253,0
18708,0
18058,0
8071,0
78657,0
73065,0
44216,0
17363,0
68410,0
27357,0
1432,0
44303,0
30740,0
65781,0
16415,0
6498,0
65672,0
83638,0
37825,0
75167,0
18073,0
48429,0
95713,0
55424,0
66610,0
72176,0
36874,0
21032,0
60083,0
76571,0
58072,0
7512,0
89179,0
6906,0
60081,0
66085,0
3276,0
85087,0
28468,0
98329,0
86351,0
32833,0
7849,0
54548,0
80235,0
7463,0
48657,0
53555,0
18328,0
7876,0
30814,0
33449,0
36345,0
35759,0
8833,0
19560,0
99567,0
92371,0
81621,0
6712,0
54942,0
6883,0
43019,0
35907,0
85378,0
99005,0
33070,0
62246,0
2056,0
49913,0
53168,0
56011,0
32179,0
75495,0
81657,0
82834,0
53086,0
48519,0
2210,0
4032,0
19938,0
3244,0
6896,0
75948,0
84050,0
70437,0
62062,0
30290,0
53821,0
66007,0
61341,0
37738,0
53181,0
55731,0
54982,0
7722,0
50273,0
72007,0
8530,0
85603,0
19127,0
53925,0
70555,0
6525,0
7821,0
54140,0
60425,0
66547,0
55009,0
76655,0
25413,0
10992,0
49349,0
56425,0
30187,0
84738,0
51534,0
15062,0
49866,0
55328,0
60449,0
55352,0
28429,0
50003,0
49329,0
76539,0
3281,0
48165,0
43028,0
15085,0
4963,0
97707,0
4084,0
48229,0
76537,0
85937,0
28107,0
28722,0
80615,0
33332,275
10579,0
2633,0
7874,0
2653,0
31808,0
97146,0
8066,0
19939,0
54944,0
57049,0
5855,0
60042,0
7945,0
7823,0
8078,0
64744,0
79830,0
86440,0
55616,0
63348,0
28305,0
11797,0
3894,0
83263,0
8065,0
48356,0
2648,0
25430,0
65037,0
95446,0
76249,0
11792,0
29385,0
49935,0
49460,0
18330,0
28705,0
33548,0
38651,0
34433,0
48455,0
83619,0
49031,0
81224,0
96094,0
17320,0
19930,0
74331,0
1516,0
8225,0
8848,0
1543,0
55302,0
27954,0
49727,0
78725,0
61061,0
84036,0
1949,0
56320,0
88345,0
62707,0
7421,0
32820,0
11933,0
20736,0
81303,0
29835,0
49327,0
72734,0
48131,0
1473,0
49930,0
28759,0
2338,0
54020,0
75457,0
3049,0
10930,0
2828,0
54568,0
49854,0
85935,0
28782,0
15222,0
23168,0
52349,0
65079,498
37034,0
6035,0
1240,0
45226,0
37330,0
6762,0
7930,0
93240,0
37030,0
3222,0
3458,0
35748,0
48461,0
8312,0
29676,0
65757,0
48048,0
28127,0
93921,0
55920,0
61010,0
49643,0
64034,0
48848,0
80816,0
23141,0
53128,0
12498,0
8090,0
28605,0
86046,0
7626,0
50662,0
37037,0
3042,0
13029,0
25438,0
37074,0
7462,0
55944,0
49690,0
49302,0
92356,0
83856,0
56482,0
55386,0
85194,0
36549,0
54136,0
95666,0
77486,0
34614,0
27310,0
37146,0
11978,0
83801,0
53949,0
37863,0
5672,0
11557,0
28673,0
6333,0
55070,0
81631,0
98640,0
77360,0
1536,0
27306,0
70734,0
7624,0
54025,0
98672,0
8734,0
12845,0
43617,0
66218,0
55340,0
51012,0
37419,0
81647,0
33036,0
4009,0
66220,0
98365,0
49117,0
49346,0
3304,0
49053,0
76258,0
51250,0
34291,0
3835,0
80443,0
2655,0
12540,0
34637,0
57032,0
93953,0
24101,0
8084,0
80498,0
38028,0
95631,0
33576,0
81637,0
29451,0
21875,0
65686,0
6241,0
36856,0
18424,0
28751,0
41073,0
89061,0
81226,0
96756,0
4364,0
7004,0
7826,0
21163,0
50035,0
71078,0
7732,0
52411,0
85045,0
11942,0
54848,0
7755,0
28512,0
65746,0
80543,0
30582,0
57730,0
28594,0
60136,0
84664,0
69153,0
81252,0
36278,0
68528,0
7422,0
84741,0
92342,0
8221,0
34484,0
35114,0
2537,0
38355,0
30175,0
70710,0
56468,0
65010,0
6759,0
6335,0
4071,0
30183,0
72736,0
21226,0
53122,0
56572,0
60096,0
30560,0
28394,0
83544,0
92661,0
3254,0
96145,0
36580,0
21716,0
95383,0
2642,0
48438,0
64156,0
62549,0
53955,0
30313,0
7092,0
16915,0
18426,0
2738,0
87043,0
42038,0
73538,0
96704,0
31822,0
11507,0
12563,0
23140,0
30559,0
8243,0
28479,0
81089,0
48003,0
22473,0
84765,0
53179,0
30363,0
8230,0
63038,0
92397,0
3229,0
49304,0
1430,0
12542,0
92382,0
84049,0
95228,0
19012,0
53950,0
92549,0
78652,0
7738,0
75173,0
56442,0
3873,0
23336,0
61873,0
57064,0
83455,0
79911,0
4079,0
21770,0
54552,0
97392,0
11024,0
49756,0
72631,0
95665,0
62563,0
22842,0
2639,0
50226,0
72529,0
95223,0
95321,0
3223,0
98010,0
3257,0
8735,0
34201,0
33158,0
49706,0
89451,0
31328,0
75182,0
96137,0
28746,0
34269,0
3461,0
95423,0
85933,0
55415,0
28480,0
49920,0
33946,0
98631,0
97624,0
28717,0
32502,0
8202,0
87529,0
4055,0
33306,0
6423,0
93591,0
96122,0
78373,0
95222,0
32124,0
5454,0
19946,0
8515,0
8029,0
85263,0
3818,0
68305,0
84310,0
3290,0
85377,0
24104,0
82941,0
90067,0
4856,0
32328,0
11976,0
80446,0
42122,0
80452,0
8751,0
96020,0
11005,0
68064,0
27959,0
83014,0
28323,0
52340,0
83353,0
72067,0
8752,0
88312,0
89449,0
11977,0
32461,0
96722,0
1468,0
92352,0
48610,0
61755,0
32322,0
34773,0
3753,0
18347,0
7627,0
4015,0
72718,0
78597,0
18334,0
53125,0
11930,0
80442,0
42518,0
84017,0
88317,0
54558,0
80447,0
80440,0
77650,0
54562,0
23919,0
5363,0
76005,0
83611,0
76449,0
59716,0
81615,0
80482,0
98244,0
65072,0
86017,0
18350,0
97136,0
36528,0
92386,0
8738,0
28774,0
97753,0
29685,0
14731,0
24328,0
54209,0
87710,0
11964,0
22967,0
93222,0
4947,0
4441,0
83429,0
3251,0
5751,0
4970,0
5674,0
92091,0
87520,0
49129,0
84028,0
18624,0
5155,0
84762,0
84719,0
26209,0
81225,0
802,0
820,0